"condition_num","speaker","meanPropYes","illegal_speakers_condition$meanPropYes","speaker_differences_condition"
1,"EN_F1",0.666666666666667,0.506944444444444,0.159722222222222
1,"EN_M1",0.635416666666667,0.423611111111111,0.211805555555556
1,"FR_F1",0.673611111111111,0.569444444444444,0.104166666666667
1,"FR_M1",0.694444444444444,0.527777777777778,0.166666666666667
2,"EN_F1",0.627240143369176,0.50179211469534,0.125448028673835
2,"EN_M1",0.642361111111111,0.461805555555556,0.180555555555556
2,"FR_F1",0.555555555555556,0.480286738351254,0.0752688172043011
2,"FR_M1",0.611111111111111,0.368055555555556,0.243055555555556
3,"EN_F1",0.598958333333333,0.520833333333333,0.078125
3,"EN_M1",0.633680555555556,0.618055555555556,0.015625
4,"FR_F1",0.5625,0.411458333333333,0.151041666666667
4,"FR_M1",0.626736111111111,0.505208333333333,0.121527777777778
5,"FR_F2",0.817708333333333,0.661458333333333,0.15625
5,"FR_M1",0.769097222222222,0.659722222222222,0.109375
6,"EN_F1",0.559027777777778,0.340277777777778,0.21875
6,"EN_M1",0.576388888888889,0.40625,0.170138888888889
6,"FR_F2",0.822916666666667,0.569444444444444,0.253472222222222
6,"FR_M1",0.760416666666667,0.506944444444444,0.253472222222222
7,"EN_F1",0.524305555555556,0.284722222222222,0.239583333333333
7,"EN_M1",0.586805555555556,0.434027777777778,0.152777777777778
7,"FR_F2",0.697916666666667,0.378472222222222,0.319444444444444
7,"FR_M1",0.6875,0.493055555555556,0.194444444444444
