S1,S2
EN_F_fifhih,EN_M_fifhih
EN_F_fifhih,HI_F_fifhih
EN_F_fifhih,HI_M_fifhih
EN_F_fifhih,HU_F_fifhih
EN_F_fifhih,HU_M_fifhih
EN_M_fifhih,HI_F_fifhih
EN_M_fifhih,HI_M_fifhih
EN_M_fifhih,HU_F_fifhih
EN_M_fifhih,HU_M_fifhih
HI_F_fifhih,HI_M_fifhih
HI_F_fifhih,HU_F_fifhih
HI_F_fifhih,HU_M_fifhih
HI_M_fifhih,HU_F_fifhih
HI_M_fifhih,HU_M_fifhih
HU_F_fifhih,HU_M_fifhih
EN_F_fifkif,EN_M_fifkif
EN_F_fifkif,HI_F_fifkif
EN_F_fifkif,HI_M_fifkif
EN_F_fifkif,HU_F_fifkif
EN_F_fifkif,HU_M_fifkif
EN_M_fifkif,HI_F_fifkif
EN_M_fifkif,HI_M_fifkif
EN_M_fifkif,HU_F_fifkif
EN_M_fifkif,HU_M_fifkif
HI_F_fifkif,HI_M_fifkif
HI_F_fifkif,HU_F_fifkif
HI_F_fifkif,HU_M_fifkif
HI_M_fifkif,HU_F_fifkif
HI_M_fifkif,HU_M_fifkif
HU_F_fifkif,HU_M_fifkif
EN_F_fihfuf,EN_M_fihfuf
EN_F_fihfuf,HI_F_fihfuf
EN_F_fihfuf,HI_M_fihfuf
EN_F_fihfuf,HU_F_fihfuf
EN_F_fihfuf,HU_M_fihfuf
EN_M_fihfuf,HI_F_fihfuf
EN_M_fihfuf,HI_M_fihfuf
EN_M_fihfuf,HU_F_fihfuf
EN_M_fihfuf,HU_M_fihfuf
HI_F_fihfuf,HI_M_fihfuf
HI_F_fihfuf,HU_F_fihfuf
HI_F_fihfuf,HU_M_fihfuf
HI_M_fihfuf,HU_F_fihfuf
HI_M_fihfuf,HU_M_fihfuf
HU_F_fihfuf,HU_M_fihfuf
EN_F_fihkih,EN_M_fihkih
EN_F_fihkih,HI_F_fihkih
EN_F_fihkih,HI_M_fihkih
EN_F_fihkih,HU_F_fihkih
EN_F_fihkih,HU_M_fihkih
EN_M_fihkih,HI_F_fihkih
EN_M_fihkih,HI_M_fihkih
EN_M_fihkih,HU_F_fihkih
EN_M_fihkih,HU_M_fihkih
HI_F_fihkih,HI_M_fihkih
HI_F_fihkih,HU_F_fihkih
HI_F_fihkih,HU_M_fihkih
HI_M_fihkih,HU_F_fihkih
HI_M_fihkih,HU_M_fihkih
HU_F_fihkih,HU_M_fihkih
EN_F_fikhip,EN_M_fikhip
EN_F_fikhip,HI_F_fikhip
EN_F_fikhip,HI_M_fikhip
EN_F_fikhip,HU_F_fikhip
EN_F_fikhip,HU_M_fikhip
EN_M_fikhip,HI_F_fikhip
EN_M_fikhip,HI_M_fikhip
EN_M_fikhip,HU_F_fikhip
EN_M_fikhip,HU_M_fikhip
HI_F_fikhip,HI_M_fikhip
HI_F_fikhip,HU_F_fikhip
HI_F_fikhip,HU_M_fikhip
HI_M_fikhip,HU_F_fikhip
HI_M_fikhip,HU_M_fikhip
HU_F_fikhip,HU_M_fikhip
EN_F_fikpuk,EN_M_fikpuk
EN_F_fikpuk,HI_F_fikpuk
EN_F_fikpuk,HI_M_fikpuk
EN_F_fikpuk,HU_F_fikpuk
EN_F_fikpuk,HU_M_fikpuk
EN_M_fikpuk,HI_F_fikpuk
EN_M_fikpuk,HI_M_fikpuk
EN_M_fikpuk,HU_F_fikpuk
EN_M_fikpuk,HU_M_fikpuk
HI_F_fikpuk,HI_M_fikpuk
HI_F_fikpuk,HU_F_fikpuk
HI_F_fikpuk,HU_M_fikpuk
HI_M_fikpuk,HU_F_fikpuk
HI_M_fikpuk,HU_M_fikpuk
HU_F_fikpuk,HU_M_fikpuk
EN_F_fiphik,EN_M_fiphik
EN_F_fiphik,HI_F_fiphik
EN_F_fiphik,HI_M_fiphik
EN_F_fiphik,HU_F_fiphik
EN_F_fiphik,HU_M_fiphik
EN_M_fiphik,HI_F_fiphik
EN_M_fiphik,HI_M_fiphik
EN_M_fiphik,HU_F_fiphik
EN_M_fiphik,HU_M_fiphik
HI_F_fiphik,HI_M_fiphik
HI_F_fiphik,HU_F_fiphik
HI_F_fiphik,HU_M_fiphik
HI_M_fiphik,HU_F_fiphik
HI_M_fiphik,HU_M_fiphik
HU_F_fiphik,HU_M_fiphik
EN_F_fipkip,EN_M_fipkip
EN_F_fipkip,HI_F_fipkip
EN_F_fipkip,HI_M_fipkip
EN_F_fipkip,HU_F_fipkip
EN_F_fipkip,HU_M_fipkip
EN_M_fipkip,HI_F_fipkip
EN_M_fipkip,HI_M_fipkip
EN_M_fipkip,HU_F_fipkip
EN_M_fipkip,HU_M_fipkip
HI_F_fipkip,HI_M_fipkip
HI_F_fipkip,HU_F_fipkip
HI_F_fipkip,HU_M_fipkip
HI_M_fipkip,HU_F_fipkip
HI_M_fipkip,HU_M_fipkip
HU_F_fipkip,HU_M_fipkip
EN_F_fufhuh,EN_M_fufhuh
EN_F_fufhuh,HI_F_fufhuh
EN_F_fufhuh,HI_M_fufhuh
EN_F_fufhuh,HU_F_fufhuh
EN_F_fufhuh,HU_M_fufhuh
EN_M_fufhuh,HI_F_fufhuh
EN_M_fufhuh,HI_M_fufhuh
EN_M_fufhuh,HU_F_fufhuh
EN_M_fufhuh,HU_M_fufhuh
HI_F_fufhuh,HI_M_fufhuh
HI_F_fufhuh,HU_F_fufhuh
HI_F_fufhuh,HU_M_fufhuh
HI_M_fufhuh,HU_F_fufhuh
HI_M_fufhuh,HU_M_fufhuh
HU_F_fufhuh,HU_M_fufhuh
EN_F_fufkuf,EN_M_fufkuf
EN_F_fufkuf,HI_F_fufkuf
EN_F_fufkuf,HI_M_fufkuf
EN_F_fufkuf,HU_F_fufkuf
EN_F_fufkuf,HU_M_fufkuf
EN_M_fufkuf,HI_F_fufkuf
EN_M_fufkuf,HI_M_fufkuf
EN_M_fufkuf,HU_F_fufkuf
EN_M_fufkuf,HU_M_fufkuf
HI_F_fufkuf,HI_M_fufkuf
HI_F_fufkuf,HU_F_fufkuf
HI_F_fufkuf,HU_M_fufkuf
HI_M_fufkuf,HU_F_fufkuf
HI_M_fufkuf,HU_M_fufkuf
HU_F_fufkuf,HU_M_fufkuf
EN_F_fuhfif,EN_M_fuhfif
EN_F_fuhfif,HI_F_fuhfif
EN_F_fuhfif,HI_M_fuhfif
EN_F_fuhfif,HU_F_fuhfif
EN_F_fuhfif,HU_M_fuhfif
EN_M_fuhfif,HI_F_fuhfif
EN_M_fuhfif,HI_M_fuhfif
EN_M_fuhfif,HU_F_fuhfif
EN_M_fuhfif,HU_M_fuhfif
HI_F_fuhfif,HI_M_fuhfif
HI_F_fuhfif,HU_F_fuhfif
HI_F_fuhfif,HU_M_fuhfif
HI_M_fuhfif,HU_F_fuhfif
HI_M_fuhfif,HU_M_fuhfif
HU_F_fuhfif,HU_M_fuhfif
EN_F_fuhkuh,EN_M_fuhkuh
EN_F_fuhkuh,HI_F_fuhkuh
EN_F_fuhkuh,HI_M_fuhkuh
EN_F_fuhkuh,HU_F_fuhkuh
EN_F_fuhkuh,HU_M_fuhkuh
EN_M_fuhkuh,HI_F_fuhkuh
EN_M_fuhkuh,HI_M_fuhkuh
EN_M_fuhkuh,HU_F_fuhkuh
EN_M_fuhkuh,HU_M_fuhkuh
HI_F_fuhkuh,HI_M_fuhkuh
HI_F_fuhkuh,HU_F_fuhkuh
HI_F_fuhkuh,HU_M_fuhkuh
HI_M_fuhkuh,HU_F_fuhkuh
HI_M_fuhkuh,HU_M_fuhkuh
HU_F_fuhkuh,HU_M_fuhkuh
EN_F_fukhup,EN_M_fukhup
EN_F_fukhup,HI_F_fukhup
EN_F_fukhup,HI_M_fukhup
EN_F_fukhup,HU_F_fukhup
EN_F_fukhup,HU_M_fukhup
EN_M_fukhup,HI_F_fukhup
EN_M_fukhup,HI_M_fukhup
EN_M_fukhup,HU_F_fukhup
EN_M_fukhup,HU_M_fukhup
HI_F_fukhup,HI_M_fukhup
HI_F_fukhup,HU_F_fukhup
HI_F_fukhup,HU_M_fukhup
HI_M_fukhup,HU_F_fukhup
HI_M_fukhup,HU_M_fukhup
HU_F_fukhup,HU_M_fukhup
EN_F_fukpik,EN_M_fukpik
EN_F_fukpik,HI_F_fukpik
EN_F_fukpik,HI_M_fukpik
EN_F_fukpik,HU_F_fukpik
EN_F_fukpik,HU_M_fukpik
EN_M_fukpik,HI_F_fukpik
EN_M_fukpik,HI_M_fukpik
EN_M_fukpik,HU_F_fukpik
EN_M_fukpik,HU_M_fukpik
HI_F_fukpik,HI_M_fukpik
HI_F_fukpik,HU_F_fukpik
HI_F_fukpik,HU_M_fukpik
HI_M_fukpik,HU_F_fukpik
HI_M_fukpik,HU_M_fukpik
HU_F_fukpik,HU_M_fukpik
EN_F_fuphuk,EN_M_fuphuk
EN_F_fuphuk,HI_F_fuphuk
EN_F_fuphuk,HI_M_fuphuk
EN_F_fuphuk,HU_F_fuphuk
EN_F_fuphuk,HU_M_fuphuk
EN_M_fuphuk,HI_F_fuphuk
EN_M_fuphuk,HI_M_fuphuk
EN_M_fuphuk,HU_F_fuphuk
EN_M_fuphuk,HU_M_fuphuk
HI_F_fuphuk,HI_M_fuphuk
HI_F_fuphuk,HU_F_fuphuk
HI_F_fuphuk,HU_M_fuphuk
HI_M_fuphuk,HU_F_fuphuk
HI_M_fuphuk,HU_M_fuphuk
HU_F_fuphuk,HU_M_fuphuk
EN_F_fupkup,EN_M_fupkup
EN_F_fupkup,HI_F_fupkup
EN_F_fupkup,HI_M_fupkup
EN_F_fupkup,HU_F_fupkup
EN_F_fupkup,HU_M_fupkup
EN_M_fupkup,HI_F_fupkup
EN_M_fupkup,HI_M_fupkup
EN_M_fupkup,HU_F_fupkup
EN_M_fupkup,HU_M_fupkup
HI_F_fupkup,HI_M_fupkup
HI_F_fupkup,HU_F_fupkup
HI_F_fupkup,HU_M_fupkup
HI_M_fupkup,HU_F_fupkup
HI_M_fupkup,HU_M_fupkup
HU_F_fupkup,HU_M_fupkup
EN_F_hifhuh,EN_M_hifhuh
EN_F_hifhuh,HI_F_hifhuh
EN_F_hifhuh,HI_M_hifhuh
EN_F_hifhuh,HU_F_hifhuh
EN_F_hifhuh,HU_M_hifhuh
EN_M_hifhuh,HI_F_hifhuh
EN_M_hifhuh,HI_M_hifhuh
EN_M_hifhuh,HU_F_hifhuh
EN_M_hifhuh,HU_M_hifhuh
HI_F_hifhuh,HI_M_hifhuh
HI_F_hifhuh,HU_F_hifhuh
HI_F_hifhuh,HU_M_hifhuh
HI_M_hifhuh,HU_F_hifhuh
HI_M_hifhuh,HU_M_hifhuh
HU_F_hifhuh,HU_M_hifhuh
EN_F_hifpif,EN_M_hifpif
EN_F_hifpif,HI_F_hifpif
EN_F_hifpif,HI_M_hifpif
EN_F_hifpif,HU_F_hifpif
EN_F_hifpif,HU_M_hifpif
EN_M_hifpif,HI_F_hifpif
EN_M_hifpif,HI_M_hifpif
EN_M_hifpif,HU_F_hifpif
EN_M_hifpif,HU_M_hifpif
HI_F_hifpif,HI_M_hifpif
HI_F_hifpif,HU_F_hifpif
HI_F_hifpif,HU_M_hifpif
HI_M_hifpif,HU_F_hifpif
HI_M_hifpif,HU_M_hifpif
HU_F_hifpif,HU_M_hifpif
EN_F_hihfif,EN_M_hihfif
EN_F_hihfif,HI_F_hihfif
EN_F_hihfif,HI_M_hihfif
EN_F_hihfif,HU_F_hihfif
EN_F_hihfif,HU_M_hihfif
EN_M_hihfif,HI_F_hihfif
EN_M_hihfif,HI_M_hihfif
EN_M_hihfif,HU_F_hihfif
EN_M_hihfif,HU_M_hihfif
HI_F_hihfif,HI_M_hihfif
HI_F_hihfif,HU_F_hihfif
HI_F_hihfif,HU_M_hihfif
HI_M_hihfif,HU_F_hihfif
HI_M_hihfif,HU_M_hihfif
HU_F_hihfif,HU_M_hihfif
EN_F_hihpih,EN_M_hihpih
EN_F_hihpih,HI_F_hihpih
EN_F_hihpih,HI_M_hihpih
EN_F_hihpih,HU_F_hihpih
EN_F_hihpih,HU_M_hihpih
EN_M_hihpih,HI_F_hihpih
EN_M_hihpih,HI_M_hihpih
EN_M_hihpih,HU_F_hihpih
EN_M_hihpih,HU_M_hihpih
HI_F_hihpih,HI_M_hihpih
HI_F_hihpih,HU_F_hihpih
HI_F_hihpih,HU_M_hihpih
HI_M_hihpih,HU_F_hihpih
HI_M_hihpih,HU_M_hihpih
HU_F_hihpih,HU_M_hihpih
EN_F_hikfip,EN_M_hikfip
EN_F_hikfip,HI_F_hikfip
EN_F_hikfip,HI_M_hikfip
EN_F_hikfip,HU_F_hikfip
EN_F_hikfip,HU_M_hikfip
EN_M_hikfip,HI_F_hikfip
EN_M_hikfip,HI_M_hikfip
EN_M_hikfip,HU_F_hikfip
EN_M_hikfip,HU_M_hikfip
HI_F_hikfip,HI_M_hikfip
HI_F_hikfip,HU_F_hikfip
HI_F_hikfip,HU_M_hikfip
HI_M_hikfip,HU_F_hikfip
HI_M_hikfip,HU_M_hikfip
HU_F_hikfip,HU_M_hikfip
EN_F_hikpik,EN_M_hikpik
EN_F_hikpik,HI_F_hikpik
EN_F_hikpik,HI_M_hikpik
EN_F_hikpik,HU_F_hikpik
EN_F_hikpik,HU_M_hikpik
EN_M_hikpik,HI_F_hikpik
EN_M_hikpik,HI_M_hikpik
EN_M_hikpik,HU_F_hikpik
EN_M_hikpik,HU_M_hikpik
HI_F_hikpik,HI_M_hikpik
HI_F_hikpik,HU_F_hikpik
HI_F_hikpik,HU_M_hikpik
HI_M_hikpik,HU_F_hikpik
HI_M_hikpik,HU_M_hikpik
HU_F_hikpik,HU_M_hikpik
EN_F_hipfik,EN_M_hipfik
EN_F_hipfik,HI_F_hipfik
EN_F_hipfik,HI_M_hipfik
EN_F_hipfik,HU_F_hipfik
EN_F_hipfik,HU_M_hipfik
EN_M_hipfik,HI_F_hipfik
EN_M_hipfik,HI_M_hipfik
EN_M_hipfik,HU_F_hipfik
EN_M_hipfik,HU_M_hipfik
HI_F_hipfik,HI_M_hipfik
HI_F_hipfik,HU_F_hipfik
HI_F_hipfik,HU_M_hipfik
HI_M_hipfik,HU_F_hipfik
HI_M_hipfik,HU_M_hipfik
HU_F_hipfik,HU_M_hipfik
EN_F_hipkup,EN_M_hipkup
EN_F_hipkup,HI_F_hipkup
EN_F_hipkup,HI_M_hipkup
EN_F_hipkup,HU_F_hipkup
EN_F_hipkup,HU_M_hipkup
EN_M_hipkup,HI_F_hipkup
EN_M_hipkup,HI_M_hipkup
EN_M_hipkup,HU_F_hipkup
EN_M_hipkup,HU_M_hipkup
HI_F_hipkup,HI_M_hipkup
HI_F_hipkup,HU_F_hipkup
HI_F_hipkup,HU_M_hipkup
HI_M_hipkup,HU_F_hipkup
HI_M_hipkup,HU_M_hipkup
HU_F_hipkup,HU_M_hipkup
EN_F_hufhih,EN_M_hufhih
EN_F_hufhih,HI_F_hufhih
EN_F_hufhih,HI_M_hufhih
EN_F_hufhih,HU_F_hufhih
EN_F_hufhih,HU_M_hufhih
EN_M_hufhih,HI_F_hufhih
EN_M_hufhih,HI_M_hufhih
EN_M_hufhih,HU_F_hufhih
EN_M_hufhih,HU_M_hufhih
HI_F_hufhih,HI_M_hufhih
HI_F_hufhih,HU_F_hufhih
HI_F_hufhih,HU_M_hufhih
HI_M_hufhih,HU_F_hufhih
HI_M_hufhih,HU_M_hufhih
HU_F_hufhih,HU_M_hufhih
EN_F_hufpuf,EN_M_hufpuf
EN_F_hufpuf,HI_F_hufpuf
EN_F_hufpuf,HI_M_hufpuf
EN_F_hufpuf,HU_F_hufpuf
EN_F_hufpuf,HU_M_hufpuf
EN_M_hufpuf,HI_F_hufpuf
EN_M_hufpuf,HI_M_hufpuf
EN_M_hufpuf,HU_F_hufpuf
EN_M_hufpuf,HU_M_hufpuf
HI_F_hufpuf,HI_M_hufpuf
HI_F_hufpuf,HU_F_hufpuf
HI_F_hufpuf,HU_M_hufpuf
HI_M_hufpuf,HU_F_hufpuf
HI_M_hufpuf,HU_M_hufpuf
HU_F_hufpuf,HU_M_hufpuf
EN_F_huhfuf,EN_M_huhfuf
EN_F_huhfuf,HI_F_huhfuf
EN_F_huhfuf,HI_M_huhfuf
EN_F_huhfuf,HU_F_huhfuf
EN_F_huhfuf,HU_M_huhfuf
EN_M_huhfuf,HI_F_huhfuf
EN_M_huhfuf,HI_M_huhfuf
EN_M_huhfuf,HU_F_huhfuf
EN_M_huhfuf,HU_M_huhfuf
HI_F_huhfuf,HI_M_huhfuf
HI_F_huhfuf,HU_F_huhfuf
HI_F_huhfuf,HU_M_huhfuf
HI_M_huhfuf,HU_F_huhfuf
HI_M_huhfuf,HU_M_huhfuf
HU_F_huhfuf,HU_M_huhfuf
EN_F_huhpuh,EN_M_huhpuh
EN_F_huhpuh,HI_F_huhpuh
EN_F_huhpuh,HI_M_huhpuh
EN_F_huhpuh,HU_F_huhpuh
EN_F_huhpuh,HU_M_huhpuh
EN_M_huhpuh,HI_F_huhpuh
EN_M_huhpuh,HI_M_huhpuh
EN_M_huhpuh,HU_F_huhpuh
EN_M_huhpuh,HU_M_huhpuh
HI_F_huhpuh,HI_M_huhpuh
HI_F_huhpuh,HU_F_huhpuh
HI_F_huhpuh,HU_M_huhpuh
HI_M_huhpuh,HU_F_huhpuh
HI_M_huhpuh,HU_M_huhpuh
HU_F_huhpuh,HU_M_huhpuh
EN_F_hukfup,EN_M_hukfup
EN_F_hukfup,HI_F_hukfup
EN_F_hukfup,HI_M_hukfup
EN_F_hukfup,HU_F_hukfup
EN_F_hukfup,HU_M_hukfup
EN_M_hukfup,HI_F_hukfup
EN_M_hukfup,HI_M_hukfup
EN_M_hukfup,HU_F_hukfup
EN_M_hukfup,HU_M_hukfup
HI_F_hukfup,HI_M_hukfup
HI_F_hukfup,HU_F_hukfup
HI_F_hukfup,HU_M_hukfup
HI_M_hukfup,HU_F_hukfup
HI_M_hukfup,HU_M_hukfup
HU_F_hukfup,HU_M_hukfup
EN_F_hukpuk,EN_M_hukpuk
EN_F_hukpuk,HI_F_hukpuk
EN_F_hukpuk,HI_M_hukpuk
EN_F_hukpuk,HU_F_hukpuk
EN_F_hukpuk,HU_M_hukpuk
EN_M_hukpuk,HI_F_hukpuk
EN_M_hukpuk,HI_M_hukpuk
EN_M_hukpuk,HU_F_hukpuk
EN_M_hukpuk,HU_M_hukpuk
HI_F_hukpuk,HI_M_hukpuk
HI_F_hukpuk,HU_F_hukpuk
HI_F_hukpuk,HU_M_hukpuk
HI_M_hukpuk,HU_F_hukpuk
HI_M_hukpuk,HU_M_hukpuk
HU_F_hukpuk,HU_M_hukpuk
EN_F_hupfuk,EN_M_hupfuk
EN_F_hupfuk,HI_F_hupfuk
EN_F_hupfuk,HI_M_hupfuk
EN_F_hupfuk,HU_F_hupfuk
EN_F_hupfuk,HU_M_hupfuk
EN_M_hupfuk,HI_F_hupfuk
EN_M_hupfuk,HI_M_hupfuk
EN_M_hupfuk,HU_F_hupfuk
EN_M_hupfuk,HU_M_hupfuk
HI_F_hupfuk,HI_M_hupfuk
HI_F_hupfuk,HU_F_hupfuk
HI_F_hupfuk,HU_M_hupfuk
HI_M_hupfuk,HU_F_hupfuk
HI_M_hupfuk,HU_M_hupfuk
HU_F_hupfuk,HU_M_hupfuk
EN_F_hupkip,EN_M_hupkip
EN_F_hupkip,HI_F_hupkip
EN_F_hupkip,HI_M_hupkip
EN_F_hupkip,HU_F_hupkip
EN_F_hupkip,HU_M_hupkip
EN_M_hupkip,HI_F_hupkip
EN_M_hupkip,HI_M_hupkip
EN_M_hupkip,HU_F_hupkip
EN_M_hupkip,HU_M_hupkip
HI_F_hupkip,HI_M_hupkip
HI_F_hupkip,HU_F_hupkip
HI_F_hupkip,HU_M_hupkip
HI_M_hupkip,HU_F_hupkip
HI_M_hupkip,HU_M_hupkip
HU_F_hupkip,HU_M_hupkip
EN_F_kifhuf,EN_M_kifhuf
EN_F_kifhuf,HI_F_kifhuf
EN_F_kifhuf,HI_M_kifhuf
EN_F_kifhuf,HU_F_kifhuf
EN_F_kifhuf,HU_M_kifhuf
EN_M_kifhuf,HI_F_kifhuf
EN_M_kifhuf,HI_M_kifhuf
EN_M_kifhuf,HU_F_kifhuf
EN_M_kifhuf,HU_M_kifhuf
HI_F_kifhuf,HI_M_kifhuf
HI_F_kifhuf,HU_F_kifhuf
HI_F_kifhuf,HU_M_kifhuf
HI_M_kifhuf,HU_F_kifhuf
HI_M_kifhuf,HU_M_kifhuf
HU_F_kifhuf,HU_M_kifhuf
EN_F_kifpih,EN_M_kifpih
EN_F_kifpih,HI_F_kifpih
EN_F_kifpih,HI_M_kifpih
EN_F_kifpih,HU_F_kifpih
EN_F_kifpih,HU_M_kifpih
EN_M_kifpih,HI_F_kifpih
EN_M_kifpih,HI_M_kifpih
EN_M_kifpih,HU_F_kifpih
EN_M_kifpih,HU_M_kifpih
HI_F_kifpih,HI_M_kifpih
HI_F_kifpih,HU_F_kifpih
HI_F_kifpih,HU_M_kifpih
HI_M_kifpih,HU_F_kifpih
HI_M_kifpih,HU_M_kifpih
HU_F_kifpih,HU_M_kifpih
EN_F_kihfih,EN_M_kihfih
EN_F_kihfih,HI_F_kihfih
EN_F_kihfih,HI_M_kihfih
EN_F_kihfih,HU_F_kihfih
EN_F_kihfih,HU_M_kihfih
EN_M_kihfih,HI_F_kihfih
EN_M_kihfih,HI_M_kihfih
EN_M_kihfih,HU_F_kihfih
EN_M_kihfih,HU_M_kihfih
HI_F_kihfih,HI_M_kihfih
HI_F_kihfih,HU_F_kihfih
HI_F_kihfih,HU_M_kihfih
HI_M_kihfih,HU_F_kihfih
HI_M_kihfih,HU_M_kihfih
HU_F_kihfih,HU_M_kihfih
EN_F_kihpif,EN_M_kihpif
EN_F_kihpif,HI_F_kihpif
EN_F_kihpif,HI_M_kihpif
EN_F_kihpif,HU_F_kihpif
EN_F_kihpif,HU_M_kihpif
EN_M_kihpif,HI_F_kihpif
EN_M_kihpif,HI_M_kihpif
EN_M_kihpif,HU_F_kihpif
EN_M_kihpif,HU_M_kihpif
HI_F_kihpif,HI_M_kihpif
HI_F_kihpif,HU_F_kihpif
HI_F_kihpif,HU_M_kihpif
HI_M_kihpif,HU_F_kihpif
HI_M_kihpif,HU_M_kihpif
HU_F_kihpif,HU_M_kihpif
EN_F_kikhuk,EN_M_kikhuk
EN_F_kikhuk,HI_F_kikhuk
EN_F_kikhuk,HI_M_kikhuk
EN_F_kikhuk,HU_F_kikhuk
EN_F_kikhuk,HU_M_kikhuk
EN_M_kikhuk,HI_F_kikhuk
EN_M_kikhuk,HI_M_kikhuk
EN_M_kikhuk,HU_F_kikhuk
EN_M_kikhuk,HU_M_kikhuk
HI_F_kikhuk,HI_M_kikhuk
HI_F_kikhuk,HU_F_kikhuk
HI_F_kikhuk,HU_M_kikhuk
HI_M_kikhuk,HU_F_kikhuk
HI_M_kikhuk,HU_M_kikhuk
HU_F_kikhuk,HU_M_kikhuk
EN_F_kikpip,EN_M_kikpip
EN_F_kikpip,HI_F_kikpip
EN_F_kikpip,HI_M_kikpip
EN_F_kikpip,HU_F_kikpip
EN_F_kikpip,HU_M_kikpip
EN_M_kikpip,HI_F_kikpip
EN_M_kikpip,HI_M_kikpip
EN_M_kikpip,HU_F_kikpip
EN_M_kikpip,HU_M_kikpip
HI_F_kikpip,HI_M_kikpip
HI_F_kikpip,HU_F_kikpip
HI_F_kikpip,HU_M_kikpip
HI_M_kikpip,HU_F_kikpip
HI_M_kikpip,HU_M_kikpip
HU_F_kikpip,HU_M_kikpip
EN_F_kiphup,EN_M_kiphup
EN_F_kiphup,HI_F_kiphup
EN_F_kiphup,HI_M_kiphup
EN_F_kiphup,HU_F_kiphup
EN_F_kiphup,HU_M_kiphup
EN_M_kiphup,HI_F_kiphup
EN_M_kiphup,HI_M_kiphup
EN_M_kiphup,HU_F_kiphup
EN_M_kiphup,HU_M_kiphup
HI_F_kiphup,HI_M_kiphup
HI_F_kiphup,HU_F_kiphup
HI_F_kiphup,HU_M_kiphup
HI_M_kiphup,HU_F_kiphup
HI_M_kiphup,HU_M_kiphup
HU_F_kiphup,HU_M_kiphup
EN_F_kipkuk,EN_M_kipkuk
EN_F_kipkuk,HI_F_kipkuk
EN_F_kipkuk,HI_M_kipkuk
EN_F_kipkuk,HU_F_kipkuk
EN_F_kipkuk,HU_M_kipkuk
EN_M_kipkuk,HI_F_kipkuk
EN_M_kipkuk,HI_M_kipkuk
EN_M_kipkuk,HU_F_kipkuk
EN_M_kipkuk,HU_M_kipkuk
HI_F_kipkuk,HI_M_kipkuk
HI_F_kipkuk,HU_F_kipkuk
HI_F_kipkuk,HU_M_kipkuk
HI_M_kipkuk,HU_F_kipkuk
HI_M_kipkuk,HU_M_kipkuk
HU_F_kipkuk,HU_M_kipkuk
EN_F_kufhif,EN_M_kufhif
EN_F_kufhif,HI_F_kufhif
EN_F_kufhif,HI_M_kufhif
EN_F_kufhif,HU_F_kufhif
EN_F_kufhif,HU_M_kufhif
EN_M_kufhif,HI_F_kufhif
EN_M_kufhif,HI_M_kufhif
EN_M_kufhif,HU_F_kufhif
EN_M_kufhif,HU_M_kufhif
HI_F_kufhif,HI_M_kufhif
HI_F_kufhif,HU_F_kufhif
HI_F_kufhif,HU_M_kufhif
HI_M_kufhif,HU_F_kufhif
HI_M_kufhif,HU_M_kufhif
HU_F_kufhif,HU_M_kufhif
EN_F_kufpuh,EN_M_kufpuh
EN_F_kufpuh,HI_F_kufpuh
EN_F_kufpuh,HI_M_kufpuh
EN_F_kufpuh,HU_F_kufpuh
EN_F_kufpuh,HU_M_kufpuh
EN_M_kufpuh,HI_F_kufpuh
EN_M_kufpuh,HI_M_kufpuh
EN_M_kufpuh,HU_F_kufpuh
EN_M_kufpuh,HU_M_kufpuh
HI_F_kufpuh,HI_M_kufpuh
HI_F_kufpuh,HU_F_kufpuh
HI_F_kufpuh,HU_M_kufpuh
HI_M_kufpuh,HU_F_kufpuh
HI_M_kufpuh,HU_M_kufpuh
HU_F_kufpuh,HU_M_kufpuh
EN_F_kuhfuh,EN_M_kuhfuh
EN_F_kuhfuh,HI_F_kuhfuh
EN_F_kuhfuh,HI_M_kuhfuh
EN_F_kuhfuh,HU_F_kuhfuh
EN_F_kuhfuh,HU_M_kuhfuh
EN_M_kuhfuh,HI_F_kuhfuh
EN_M_kuhfuh,HI_M_kuhfuh
EN_M_kuhfuh,HU_F_kuhfuh
EN_M_kuhfuh,HU_M_kuhfuh
HI_F_kuhfuh,HI_M_kuhfuh
HI_F_kuhfuh,HU_F_kuhfuh
HI_F_kuhfuh,HU_M_kuhfuh
HI_M_kuhfuh,HU_F_kuhfuh
HI_M_kuhfuh,HU_M_kuhfuh
HU_F_kuhfuh,HU_M_kuhfuh
EN_F_kuhpuf,EN_M_kuhpuf
EN_F_kuhpuf,HI_F_kuhpuf
EN_F_kuhpuf,HI_M_kuhpuf
EN_F_kuhpuf,HU_F_kuhpuf
EN_F_kuhpuf,HU_M_kuhpuf
EN_M_kuhpuf,HI_F_kuhpuf
EN_M_kuhpuf,HI_M_kuhpuf
EN_M_kuhpuf,HU_F_kuhpuf
EN_M_kuhpuf,HU_M_kuhpuf
HI_F_kuhpuf,HI_M_kuhpuf
HI_F_kuhpuf,HU_F_kuhpuf
HI_F_kuhpuf,HU_M_kuhpuf
HI_M_kuhpuf,HU_F_kuhpuf
HI_M_kuhpuf,HU_M_kuhpuf
HU_F_kuhpuf,HU_M_kuhpuf
EN_F_kukhik,EN_M_kukhik
EN_F_kukhik,HI_F_kukhik
EN_F_kukhik,HI_M_kukhik
EN_F_kukhik,HU_F_kukhik
EN_F_kukhik,HU_M_kukhik
EN_M_kukhik,HI_F_kukhik
EN_M_kukhik,HI_M_kukhik
EN_M_kukhik,HU_F_kukhik
EN_M_kukhik,HU_M_kukhik
HI_F_kukhik,HI_M_kukhik
HI_F_kukhik,HU_F_kukhik
HI_F_kukhik,HU_M_kukhik
HI_M_kukhik,HU_F_kukhik
HI_M_kukhik,HU_M_kukhik
HU_F_kukhik,HU_M_kukhik
EN_F_kukpup,EN_M_kukpup
EN_F_kukpup,HI_F_kukpup
EN_F_kukpup,HI_M_kukpup
EN_F_kukpup,HU_F_kukpup
EN_F_kukpup,HU_M_kukpup
EN_M_kukpup,HI_F_kukpup
EN_M_kukpup,HI_M_kukpup
EN_M_kukpup,HU_F_kukpup
EN_M_kukpup,HU_M_kukpup
HI_F_kukpup,HI_M_kukpup
HI_F_kukpup,HU_F_kukpup
HI_F_kukpup,HU_M_kukpup
HI_M_kukpup,HU_F_kukpup
HI_M_kukpup,HU_M_kukpup
HU_F_kukpup,HU_M_kukpup
EN_F_kuphip,EN_M_kuphip
EN_F_kuphip,HI_F_kuphip
EN_F_kuphip,HI_M_kuphip
EN_F_kuphip,HU_F_kuphip
EN_F_kuphip,HU_M_kuphip
EN_M_kuphip,HI_F_kuphip
EN_M_kuphip,HI_M_kuphip
EN_M_kuphip,HU_F_kuphip
EN_M_kuphip,HU_M_kuphip
HI_F_kuphip,HI_M_kuphip
HI_F_kuphip,HU_F_kuphip
HI_F_kuphip,HU_M_kuphip
HI_M_kuphip,HU_F_kuphip
HI_M_kuphip,HU_M_kuphip
HU_F_kuphip,HU_M_kuphip
EN_F_kupkik,EN_M_kupkik
EN_F_kupkik,HI_F_kupkik
EN_F_kupkik,HI_M_kupkik
EN_F_kupkik,HU_F_kupkik
EN_F_kupkik,HU_M_kupkik
EN_M_kupkik,HI_F_kupkik
EN_M_kupkik,HI_M_kupkik
EN_M_kupkik,HU_F_kupkik
EN_M_kupkik,HU_M_kupkik
HI_F_kupkik,HI_M_kupkik
HI_F_kupkik,HU_F_kupkik
HI_F_kupkik,HU_M_kupkik
HI_M_kupkik,HU_F_kupkik
HI_M_kupkik,HU_M_kupkik
HU_F_kupkik,HU_M_kupkik
EN_F_pifhif,EN_M_pifhif
EN_F_pifhif,HI_F_pifhif
EN_F_pifhif,HI_M_pifhif
EN_F_pifhif,HU_F_pifhif
EN_F_pifhif,HU_M_pifhif
EN_M_pifhif,HI_F_pifhif
EN_M_pifhif,HI_M_pifhif
EN_M_pifhif,HU_F_pifhif
EN_M_pifhif,HU_M_pifhif
HI_F_pifhif,HI_M_pifhif
HI_F_pifhif,HU_F_pifhif
HI_F_pifhif,HU_M_pifhif
HI_M_pifhif,HU_F_pifhif
HI_M_pifhif,HU_M_pifhif
HU_F_pifhif,HU_M_pifhif
EN_F_pifkih,EN_M_pifkih
EN_F_pifkih,HI_F_pifkih
EN_F_pifkih,HI_M_pifkih
EN_F_pifkih,HU_F_pifkih
EN_F_pifkih,HU_M_pifkih
EN_M_pifkih,HI_F_pifkih
EN_M_pifkih,HI_M_pifkih
EN_M_pifkih,HU_F_pifkih
EN_M_pifkih,HU_M_pifkih
HI_F_pifkih,HI_M_pifkih
HI_F_pifkih,HU_F_pifkih
HI_F_pifkih,HU_M_pifkih
HI_M_pifkih,HU_F_pifkih
HI_M_pifkih,HU_M_pifkih
HU_F_pifkih,HU_M_pifkih
EN_F_pihfuh,EN_M_pihfuh
EN_F_pihfuh,HI_F_pihfuh
EN_F_pihfuh,HI_M_pihfuh
EN_F_pihfuh,HU_F_pihfuh
EN_F_pihfuh,HU_M_pihfuh
EN_M_pihfuh,HI_F_pihfuh
EN_M_pihfuh,HI_M_pihfuh
EN_M_pihfuh,HU_F_pihfuh
EN_M_pihfuh,HU_M_pihfuh
HI_F_pihfuh,HI_M_pihfuh
HI_F_pihfuh,HU_F_pihfuh
HI_F_pihfuh,HU_M_pihfuh
HI_M_pihfuh,HU_F_pihfuh
HI_M_pihfuh,HU_M_pihfuh
HU_F_pihfuh,HU_M_pihfuh
EN_F_pihkif,EN_M_pihkif
EN_F_pihkif,HI_F_pihkif
EN_F_pihkif,HI_M_pihkif
EN_F_pihkif,HU_F_pihkif
EN_F_pihkif,HU_M_pihkif
EN_M_pihkif,HI_F_pihkif
EN_M_pihkif,HI_M_pihkif
EN_M_pihkif,HU_F_pihkif
EN_M_pihkif,HU_M_pihkif
HI_F_pihkif,HI_M_pihkif
HI_F_pihkif,HU_F_pihkif
HI_F_pihkif,HU_M_pihkif
HI_M_pihkif,HU_F_pihkif
HI_M_pihkif,HU_M_pihkif
HU_F_pihkif,HU_M_pihkif
EN_F_pikfuk,EN_M_pikfuk
EN_F_pikfuk,HI_F_pikfuk
EN_F_pikfuk,HI_M_pikfuk
EN_F_pikfuk,HU_F_pikfuk
EN_F_pikfuk,HU_M_pikfuk
EN_M_pikfuk,HI_F_pikfuk
EN_M_pikfuk,HI_M_pikfuk
EN_M_pikfuk,HU_F_pikfuk
EN_M_pikfuk,HU_M_pikfuk
HI_F_pikfuk,HI_M_pikfuk
HI_F_pikfuk,HU_F_pikfuk
HI_F_pikfuk,HU_M_pikfuk
HI_M_pikfuk,HU_F_pikfuk
HI_M_pikfuk,HU_M_pikfuk
HU_F_pikfuk,HU_M_pikfuk
EN_F_pikpup,EN_M_pikpup
EN_F_pikpup,HI_F_pikpup
EN_F_pikpup,HI_M_pikpup
EN_F_pikpup,HU_F_pikpup
EN_F_pikpup,HU_M_pikpup
EN_M_pikpup,HI_F_pikpup
EN_M_pikpup,HI_M_pikpup
EN_M_pikpup,HU_F_pikpup
EN_M_pikpup,HU_M_pikpup
HI_F_pikpup,HI_M_pikpup
HI_F_pikpup,HU_F_pikpup
HI_F_pikpup,HU_M_pikpup
HI_M_pikpup,HU_F_pikpup
HI_M_pikpup,HU_M_pikpup
HU_F_pikpup,HU_M_pikpup
EN_F_pipfup,EN_M_pipfup
EN_F_pipfup,HI_F_pipfup
EN_F_pipfup,HI_M_pipfup
EN_F_pipfup,HU_F_pipfup
EN_F_pipfup,HU_M_pipfup
EN_M_pipfup,HI_F_pipfup
EN_M_pipfup,HI_M_pipfup
EN_M_pipfup,HU_F_pipfup
EN_M_pipfup,HU_M_pipfup
HI_F_pipfup,HI_M_pipfup
HI_F_pipfup,HU_F_pipfup
HI_F_pipfup,HU_M_pipfup
HI_M_pipfup,HU_F_pipfup
HI_M_pipfup,HU_M_pipfup
HU_F_pipfup,HU_M_pipfup
EN_F_pipkik,EN_M_pipkik
EN_F_pipkik,HI_F_pipkik
EN_F_pipkik,HI_M_pipkik
EN_F_pipkik,HU_F_pipkik
EN_F_pipkik,HU_M_pipkik
EN_M_pipkik,HI_F_pipkik
EN_M_pipkik,HI_M_pipkik
EN_M_pipkik,HU_F_pipkik
EN_M_pipkik,HU_M_pipkik
HI_F_pipkik,HI_M_pipkik
HI_F_pipkik,HU_F_pipkik
HI_F_pipkik,HU_M_pipkik
HI_M_pipkik,HU_F_pipkik
HI_M_pipkik,HU_M_pipkik
HU_F_pipkik,HU_M_pipkik
EN_F_pufhuf,EN_M_pufhuf
EN_F_pufhuf,HI_F_pufhuf
EN_F_pufhuf,HI_M_pufhuf
EN_F_pufhuf,HU_F_pufhuf
EN_F_pufhuf,HU_M_pufhuf
EN_M_pufhuf,HI_F_pufhuf
EN_M_pufhuf,HI_M_pufhuf
EN_M_pufhuf,HU_F_pufhuf
EN_M_pufhuf,HU_M_pufhuf
HI_F_pufhuf,HI_M_pufhuf
HI_F_pufhuf,HU_F_pufhuf
HI_F_pufhuf,HU_M_pufhuf
HI_M_pufhuf,HU_F_pufhuf
HI_M_pufhuf,HU_M_pufhuf
HU_F_pufhuf,HU_M_pufhuf
EN_F_pufkuh,EN_M_pufkuh
EN_F_pufkuh,HI_F_pufkuh
EN_F_pufkuh,HI_M_pufkuh
EN_F_pufkuh,HU_F_pufkuh
EN_F_pufkuh,HU_M_pufkuh
EN_M_pufkuh,HI_F_pufkuh
EN_M_pufkuh,HI_M_pufkuh
EN_M_pufkuh,HU_F_pufkuh
EN_M_pufkuh,HU_M_pufkuh
HI_F_pufkuh,HI_M_pufkuh
HI_F_pufkuh,HU_F_pufkuh
HI_F_pufkuh,HU_M_pufkuh
HI_M_pufkuh,HU_F_pufkuh
HI_M_pufkuh,HU_M_pufkuh
HU_F_pufkuh,HU_M_pufkuh
EN_F_puhfih,EN_M_puhfih
EN_F_puhfih,HI_F_puhfih
EN_F_puhfih,HI_M_puhfih
EN_F_puhfih,HU_F_puhfih
EN_F_puhfih,HU_M_puhfih
EN_M_puhfih,HI_F_puhfih
EN_M_puhfih,HI_M_puhfih
EN_M_puhfih,HU_F_puhfih
EN_M_puhfih,HU_M_puhfih
HI_F_puhfih,HI_M_puhfih
HI_F_puhfih,HU_F_puhfih
HI_F_puhfih,HU_M_puhfih
HI_M_puhfih,HU_F_puhfih
HI_M_puhfih,HU_M_puhfih
HU_F_puhfih,HU_M_puhfih
EN_F_puhkuf,EN_M_puhkuf
EN_F_puhkuf,HI_F_puhkuf
EN_F_puhkuf,HI_M_puhkuf
EN_F_puhkuf,HU_F_puhkuf
EN_F_puhkuf,HU_M_puhkuf
EN_M_puhkuf,HI_F_puhkuf
EN_M_puhkuf,HI_M_puhkuf
EN_M_puhkuf,HU_F_puhkuf
EN_M_puhkuf,HU_M_puhkuf
HI_F_puhkuf,HI_M_puhkuf
HI_F_puhkuf,HU_F_puhkuf
HI_F_puhkuf,HU_M_puhkuf
HI_M_puhkuf,HU_F_puhkuf
HI_M_puhkuf,HU_M_puhkuf
HU_F_puhkuf,HU_M_puhkuf
EN_F_pukfik,EN_M_pukfik
EN_F_pukfik,HI_F_pukfik
EN_F_pukfik,HI_M_pukfik
EN_F_pukfik,HU_F_pukfik
EN_F_pukfik,HU_M_pukfik
EN_M_pukfik,HI_F_pukfik
EN_M_pukfik,HI_M_pukfik
EN_M_pukfik,HU_F_pukfik
EN_M_pukfik,HU_M_pukfik
HI_F_pukfik,HI_M_pukfik
HI_F_pukfik,HU_F_pukfik
HI_F_pukfik,HU_M_pukfik
HI_M_pukfik,HU_F_pukfik
HI_M_pukfik,HU_M_pukfik
HU_F_pukfik,HU_M_pukfik
EN_F_pukpip,EN_M_pukpip
EN_F_pukpip,HI_F_pukpip
EN_F_pukpip,HI_M_pukpip
EN_F_pukpip,HU_F_pukpip
EN_F_pukpip,HU_M_pukpip
EN_M_pukpip,HI_F_pukpip
EN_M_pukpip,HI_M_pukpip
EN_M_pukpip,HU_F_pukpip
EN_M_pukpip,HU_M_pukpip
HI_F_pukpip,HI_M_pukpip
HI_F_pukpip,HU_F_pukpip
HI_F_pukpip,HU_M_pukpip
HI_M_pukpip,HU_F_pukpip
HI_M_pukpip,HU_M_pukpip
HU_F_pukpip,HU_M_pukpip
EN_F_pupfip,EN_M_pupfip
EN_F_pupfip,HI_F_pupfip
EN_F_pupfip,HI_M_pupfip
EN_F_pupfip,HU_F_pupfip
EN_F_pupfip,HU_M_pupfip
EN_M_pupfip,HI_F_pupfip
EN_M_pupfip,HI_M_pupfip
EN_M_pupfip,HU_F_pupfip
EN_M_pupfip,HU_M_pupfip
HI_F_pupfip,HI_M_pupfip
HI_F_pupfip,HU_F_pupfip
HI_F_pupfip,HU_M_pupfip
HI_M_pupfip,HU_F_pupfip
HI_M_pupfip,HU_M_pupfip
HU_F_pupfip,HU_M_pupfip
EN_F_pupkuk,EN_M_pupkuk
EN_F_pupkuk,HI_F_pupkuk
EN_F_pupkuk,HI_M_pupkuk
EN_F_pupkuk,HU_F_pupkuk
EN_F_pupkuk,HU_M_pupkuk
EN_M_pupkuk,HI_F_pupkuk
EN_M_pupkuk,HI_M_pupkuk
EN_M_pupkuk,HU_F_pupkuk
EN_M_pupkuk,HU_M_pupkuk
HI_F_pupkuk,HI_M_pupkuk
HI_F_pupkuk,HU_F_pupkuk
HI_F_pupkuk,HU_M_pupkuk
HI_M_pupkuk,HU_F_pupkuk
HI_M_pupkuk,HU_M_pupkuk
HU_F_pupkuk,HU_M_pupkuk
