S1,S2,distance,standardization
EN_F_fifhih,EN_M_fifhih,11.238585857989895,global
EN_F_fifkif,EN_M_fifkif,10.536429251713711,global
EN_F_fihfuf,EN_M_fihfuf,11.321347449006243,global
EN_F_fihkih,EN_M_fihkih,10.39515571343387,global
EN_F_fikhip,EN_M_fikhip,9.895266329641057,global
EN_F_fikpuk,EN_M_fikpuk,8.887052879703297,global
EN_F_fiphik,EN_M_fiphik,11.247385931197265,global
EN_F_fipkip,EN_M_fipkip,8.61051692341505,global
EN_F_fufhuh,EN_M_fufhuh,10.959037708432696,global
EN_F_fufkuf,EN_M_fufkuf,9.912991070396902,global
EN_F_fuhfif,EN_M_fuhfif,12.797344561776075,global
EN_F_fuhkuh,EN_M_fuhkuh,13.05496767041784,global
EN_F_fukhup,EN_M_fukhup,10.424930504449156,global
EN_F_fukpik,EN_M_fukpik,9.580406087688575,global
EN_F_fuphuk,EN_M_fuphuk,8.038887777265419,global
EN_F_fupkup,EN_M_fupkup,9.314410700456515,global
EN_F_hifhuh,EN_M_hifhuh,10.339390394102741,global
EN_F_hifpif,EN_M_hifpif,12.515040774114931,global
EN_F_hihfif,EN_M_hihfif,11.402225389743272,global
EN_F_hihpih,EN_M_hihpih,11.047708175244608,global
EN_F_hikfip,EN_M_hikfip,9.594211135405226,global
EN_F_hikpik,EN_M_hikpik,8.778717848008014,global
EN_F_hipfik,EN_M_hipfik,13.72479804597034,global
EN_F_hipkup,EN_M_hipkup,8.992837997540228,global
EN_F_hufhih,EN_M_hufhih,11.789776116512481,global
EN_F_hufpuf,EN_M_hufpuf,11.545654130337516,global
EN_F_huhfuf,EN_M_huhfuf,11.363167572240963,global
EN_F_huhpuh,EN_M_huhpuh,10.151105074106061,global
EN_F_hukfup,EN_M_hukfup,9.930958771204772,global
EN_F_hukpuk,EN_M_hukpuk,10.109034357188056,global
EN_F_hupfuk,EN_M_hupfuk,11.368310256603008,global
EN_F_hupkip,EN_M_hupkip,7.73495648573839,global
EN_F_kifhuf,EN_M_kifhuf,10.424006154293599,global
EN_F_kifpih,EN_M_kifpih,9.707147244356825,global
EN_F_kihfih,EN_M_kihfih,10.662483189522213,global
EN_F_kihpif,EN_M_kihpif,9.002994783702519,global
EN_F_kikhuk,EN_M_kikhuk,7.290725876479452,global
EN_F_kikpip,EN_M_kikpip,11.79074477360188,global
EN_F_kiphup,EN_M_kiphup,13.327248606027998,global
EN_F_kipkuk,EN_M_kipkuk,10.529344276826661,global
EN_F_kufhif,EN_M_kufhif,11.648642638989854,global
EN_F_kufpuh,EN_M_kufpuh,9.457902884043202,global
EN_F_kuhfuh,EN_M_kuhfuh,11.540050260520724,global
EN_F_kuhpuf,EN_M_kuhpuf,11.332112807339033,global
EN_F_kukhik,EN_M_kukhik,10.010818761231404,global
EN_F_kukpup,EN_M_kukpup,10.722210531501556,global
EN_F_kuphip,EN_M_kuphip,9.98618042234954,global
EN_F_kupkik,EN_M_kupkik,10.499492215850923,global
EN_F_pifhif,EN_M_pifhif,10.648249891785191,global
EN_F_pifkih,EN_M_pifkih,8.797767851320616,global
EN_F_pihfuh,EN_M_pihfuh,10.036923118177866,global
EN_F_pihkif,EN_M_pihkif,11.251562528136533,global
EN_F_pikfuk,EN_M_pikfuk,9.124490612420352,global
EN_F_pikpup,EN_M_pikpup,11.346693947348706,global
EN_F_pipfup,EN_M_pipfup,12.30073029863806,global
EN_F_pipkik,EN_M_pipkik,9.743855258921393,global
EN_F_pufhuf,EN_M_pufhuf,11.67243045757061,global
EN_F_pufkuh,EN_M_pufkuh,9.907436502547391,global
EN_F_puhfih,EN_M_puhfih,11.21738225833157,global
EN_F_puhkuf,EN_M_puhkuf,11.261518153476757,global
EN_F_pukfik,EN_M_pukfik,9.677292267820029,global
EN_F_pukpip,EN_M_pukpip,12.055412309460433,global
EN_F_pupfip,EN_M_pupfip,12.721268338472322,global
EN_F_pupkuk,EN_M_pupkuk,14.846415217394659,global
EN_F_fifhih,HI_F_fifhih,10.25594533292098,global
EN_F_fifkif,HI_F_fifkif,9.466379037633558,global
EN_F_fihfuf,HI_F_fihfuf,13.838957027745202,global
EN_F_fihkih,HI_F_fihkih,11.19044264316859,global
EN_F_fikhip,HI_F_fikhip,9.820848672580262,global
EN_F_fikpuk,HI_F_fikpuk,10.636559893633988,global
EN_F_fiphik,HI_F_fiphik,10.086772472546995,global
EN_F_fipkip,HI_F_fipkip,10.204717771743866,global
EN_F_fufhuh,HI_F_fufhuh,12.952285792949672,global
EN_F_fufkuf,HI_F_fufkuf,12.41048454170056,global
EN_F_fuhfif,HI_F_fuhfif,13.00618213072963,global
EN_F_fuhkuh,HI_F_fuhkuh,13.75472343856549,global
EN_F_fukhup,HI_F_fukhup,13.122513722401475,global
EN_F_fukpik,HI_F_fukpik,12.251350332946467,global
EN_F_fuphuk,HI_F_fuphuk,11.045715603252406,global
EN_F_fupkup,HI_F_fupkup,13.467069261865964,global
EN_F_hifhuh,HI_F_hifhuh,12.581999040934445,global
EN_F_hifpif,HI_F_hifpif,12.198704970941662,global
EN_F_hihfif,HI_F_hihfif,13.683953517310439,global
EN_F_hihpih,HI_F_hihpih,10.600492958314156,global
EN_F_hikfip,HI_F_hikfip,10.432743479449337,global
EN_F_hikpik,HI_F_hikpik,11.316084817405827,global
EN_F_hipfik,HI_F_hipfik,13.630261326071281,global
EN_F_hipkup,HI_F_hipkup,12.645020406644278,global
EN_F_hufhih,HI_F_hufhih,14.715791798373692,global
EN_F_hufpuf,HI_F_hufpuf,13.139187755656636,global
EN_F_huhfuf,HI_F_huhfuf,15.464655821873896,global
EN_F_huhpuh,HI_F_huhpuh,13.010215170575405,global
EN_F_hukfup,HI_F_hukfup,12.396701382924784,global
EN_F_hukpuk,HI_F_hukpuk,12.837151235300295,global
EN_F_hupfuk,HI_F_hupfuk,12.115696513930516,global
EN_F_hupkip,HI_F_hupkip,10.226956703999758,global
EN_F_kifhuf,HI_F_kifhuf,11.126746181364922,global
EN_F_kifpih,HI_F_kifpih,13.854536482932296,global
EN_F_kihfih,HI_F_kihfih,13.275744377574075,global
EN_F_kihpif,HI_F_kihpif,13.476886275879451,global
EN_F_kikhuk,HI_F_kikhuk,11.626500507175248,global
EN_F_kikpip,HI_F_kikpip,11.413542507282562,global
EN_F_kiphup,HI_F_kiphup,14.63549649011126,global
EN_F_kipkuk,HI_F_kipkuk,11.128882670477779,global
EN_F_kufhif,HI_F_kufhif,14.248733694248918,global
EN_F_kufpuh,HI_F_kufpuh,11.440494682812366,global
EN_F_kuhfuh,HI_F_kuhfuh,13.595235812184013,global
EN_F_kuhpuf,HI_F_kuhpuf,13.242506655837866,global
EN_F_kukhik,HI_F_kukhik,11.665565291038051,global
EN_F_kukpup,HI_F_kukpup,14.834403510327112,global
EN_F_kuphip,HI_F_kuphip,12.31369224927857,global
EN_F_kupkik,HI_F_kupkik,12.188303689272619,global
EN_F_pifhif,HI_F_pifhif,11.994139940925354,global
EN_F_pifkih,HI_F_pifkih,13.772997181927881,global
EN_F_pihfuh,HI_F_pihfuh,15.42085745176815,global
EN_F_pihkif,HI_F_pihkif,11.009083926474448,global
EN_F_pikfuk,HI_F_pikfuk,12.492176952894003,global
EN_F_pikpup,HI_F_pikpup,13.773439741875851,global
EN_F_pipfup,HI_F_pipfup,14.297957240142658,global
EN_F_pipkik,HI_F_pipkik,12.862452707978575,global
EN_F_pufhuf,HI_F_pufhuf,15.18137117516062,global
EN_F_pufkuh,HI_F_pufkuh,14.548630838742735,global
EN_F_puhfih,HI_F_puhfih,14.381848595549426,global
EN_F_puhkuf,HI_F_puhkuf,12.653499755314675,global
EN_F_pukfik,HI_F_pukfik,11.813046379368464,global
EN_F_pukpip,HI_F_pukpip,11.826851897236144,global
EN_F_pupfip,HI_F_pupfip,14.433792546985675,global
EN_F_pupkuk,HI_F_pupkuk,16.148991050254047,global
EN_F_fifhih,HI_M_fifhih,14.523905064627286,global
EN_F_fifkif,HI_M_fifkif,12.544021339030579,global
EN_F_fihfuf,HI_M_fihfuf,15.043974512456353,global
EN_F_fihkih,HI_M_fihkih,11.811899181550078,global
EN_F_fikhip,HI_M_fikhip,15.657601891424175,global
EN_F_fikpuk,HI_M_fikpuk,11.962246817551927,global
EN_F_fiphik,HI_M_fiphik,10.521225712638724,global
EN_F_fipkip,HI_M_fipkip,12.78751768064485,global
EN_F_fufhuh,HI_M_fufhuh,12.659976738955546,global
EN_F_fufkuf,HI_M_fufkuf,14.394898095507273,global
EN_F_fuhfif,HI_M_fuhfif,14.388169396457135,global
EN_F_fuhkuh,HI_M_fuhkuh,14.91388512960273,global
EN_F_fukhup,HI_M_fukhup,15.392687959371528,global
EN_F_fukpik,HI_M_fukpik,12.57532682877548,global
EN_F_fuphuk,HI_M_fuphuk,14.196424820747346,global
EN_F_fupkup,HI_M_fupkup,15.143396431688846,global
EN_F_hifhuh,HI_M_hifhuh,12.996487951054961,global
EN_F_hifpif,HI_M_hifpif,12.822020528453292,global
EN_F_hihfif,HI_M_hihfif,12.7364311390805,global
EN_F_hihpih,HI_M_hihpih,10.472515372440832,global
EN_F_hikfip,HI_M_hikfip,10.589550545260048,global
EN_F_hikpik,HI_M_hikpik,13.000877642723074,global
EN_F_hipfik,HI_M_hipfik,14.749782249491641,global
EN_F_hipkup,HI_M_hipkup,13.832984920837795,global
EN_F_hufhih,HI_M_hufhih,14.371891456897437,global
EN_F_hufpuf,HI_M_hufpuf,15.173758388889395,global
EN_F_huhfuf,HI_M_huhfuf,14.90964292099981,global
EN_F_huhpuh,HI_M_huhpuh,11.459792047960134,global
EN_F_hukfup,HI_M_hukfup,12.97980404507759,global
EN_F_hukpuk,HI_M_hukpuk,14.00331808360348,global
EN_F_hupfuk,HI_M_hupfuk,13.207222174470456,global
EN_F_hupkip,HI_M_hupkip,11.884470421014804,global
EN_F_kifhuf,HI_M_kifhuf,14.210643834439397,global
EN_F_kifpih,HI_M_kifpih,11.906880541116465,global
EN_F_kihfih,HI_M_kihfih,13.270522198323645,global
EN_F_kihpif,HI_M_kihpif,9.902095684799733,global
EN_F_kikhuk,HI_M_kikhuk,12.249533341280971,global
EN_F_kikpip,HI_M_kikpip,12.794325154787364,global
EN_F_kiphup,HI_M_kiphup,15.20498188608868,global
EN_F_kipkuk,HI_M_kipkuk,11.3864032980545,global
EN_F_kufhif,HI_M_kufhif,13.948685693026393,global
EN_F_kufpuh,HI_M_kufpuh,13.618057599413381,global
EN_F_kuhfuh,HI_M_kuhfuh,15.328241940891273,global
EN_F_kuhpuf,HI_M_kuhpuf,14.371578343873185,global
EN_F_kukhik,HI_M_kukhik,12.644708210824229,global
EN_F_kukpup,HI_M_kukpup,15.76408752096237,global
EN_F_kuphip,HI_M_kuphip,13.534760926627726,global
EN_F_kupkik,HI_M_kupkik,13.263904992284324,global
EN_F_pifhif,HI_M_pifhif,12.38267276309722,global
EN_F_pifkih,HI_M_pifkih,12.502329800849814,global
EN_F_pihfuh,HI_M_pihfuh,14.642390067750442,global
EN_F_pihkif,HI_M_pihkif,11.040622218822913,global
EN_F_pikfuk,HI_M_pikfuk,12.900728452694493,global
EN_F_pikpup,HI_M_pikpup,14.633391192595926,global
EN_F_pipfup,HI_M_pipfup,16.785436588671914,global
EN_F_pipkik,HI_M_pipkik,12.261468433817127,global
EN_F_pufhuf,HI_M_pufhuf,15.792756725283136,global
EN_F_pufkuh,HI_M_pufkuh,14.109642566959394,global
EN_F_puhfih,HI_M_puhfih,14.187266493435798,global
EN_F_puhkuf,HI_M_puhkuf,13.711847282846637,global
EN_F_pukfik,HI_M_pukfik,11.440534109446672,global
EN_F_pukpip,HI_M_pukpip,11.637252790248436,global
EN_F_pupfip,HI_M_pupfip,14.346026876793664,global
EN_F_pupkuk,HI_M_pupkuk,16.633305636473832,global
EN_F_fifhih,HU_F_fifhih,9.715522618442364,global
EN_F_fifkif,HU_F_fifkif,9.027214929089455,global
EN_F_fihfuf,HU_F_fihfuf,12.839519613501817,global
EN_F_fihkih,HU_F_fihkih,10.270500618091177,global
EN_F_fikhip,HU_F_fikhip,8.963464437161209,global
EN_F_fikpuk,HU_F_fikpuk,11.291775538703257,global
EN_F_fiphik,HU_F_fiphik,10.732260605893515,global
EN_F_fipkip,HU_F_fipkip,8.512510184880863,global
EN_F_fufhuh,HU_F_fufhuh,13.7700549498377,global
EN_F_fufkuf,HU_F_fufkuf,14.009237509758142,global
EN_F_fuhfif,HU_F_fuhfif,10.091306843864642,global
EN_F_fuhkuh,HU_F_fuhkuh,12.812493375590144,global
EN_F_fukhup,HU_F_fukhup,12.117533478304619,global
EN_F_fukpik,HU_F_fukpik,12.345935732228174,global
EN_F_fuphuk,HU_F_fuphuk,12.102373820577265,global
EN_F_fupkup,HU_F_fupkup,12.412048124337133,global
EN_F_hifhuh,HU_F_hifhuh,9.99367383636804,global
EN_F_hifpif,HU_F_hifpif,11.33182272296279,global
EN_F_hihfif,HU_F_hihfif,10.642832825470402,global
EN_F_hihpih,HU_F_hihpih,10.947680926954,global
EN_F_hikfip,HU_F_hikfip,9.541225965241393,global
EN_F_hikpik,HU_F_hikpik,10.474979336571465,global
EN_F_hipfik,HU_F_hipfik,13.876177689493256,global
EN_F_hipkup,HU_F_hipkup,11.886986475280985,global
EN_F_hufhih,HU_F_hufhih,11.950436932275023,global
EN_F_hufpuf,HU_F_hufpuf,14.808020869740503,global
EN_F_huhfuf,HU_F_huhfuf,15.438146116200146,global
EN_F_huhpuh,HU_F_huhpuh,12.152330247771962,global
EN_F_hukfup,HU_F_hukfup,13.344432775220868,global
EN_F_hukpuk,HU_F_hukpuk,14.04562682160594,global
EN_F_hupfuk,HU_F_hupfuk,13.777513322849666,global
EN_F_hupkip,HU_F_hupkip,8.902405766369158,global
EN_F_kifhuf,HU_F_kifhuf,11.058642941350028,global
EN_F_kifpih,HU_F_kifpih,12.4317327931444,global
EN_F_kihfih,HU_F_kihfih,13.021245402765237,global
EN_F_kihpif,HU_F_kihpif,12.386376743829713,global
EN_F_kikhuk,HU_F_kikhuk,9.411226287991594,global
EN_F_kikpip,HU_F_kikpip,11.503155821138556,global
EN_F_kiphup,HU_F_kiphup,15.020756077728377,global
EN_F_kipkuk,HU_F_kipkuk,13.983413332874191,global
EN_F_kufhif,HU_F_kufhif,12.183418415654094,global
EN_F_kufpuh,HU_F_kufpuh,15.252612210876654,global
EN_F_kuhfuh,HU_F_kuhfuh,14.547800918806555,global
EN_F_kuhpuf,HU_F_kuhpuf,14.935866536961946,global
EN_F_kukhik,HU_F_kukhik,12.45653508882659,global
EN_F_kukpup,HU_F_kukpup,15.569386930804944,global
EN_F_kuphip,HU_F_kuphip,9.41892978285728,global
EN_F_kupkik,HU_F_kupkik,10.67259092060486,global
EN_F_pifhif,HU_F_pifhif,9.994998123786678,global
EN_F_pifkih,HU_F_pifkih,13.127689140135274,global
EN_F_pihfuh,HU_F_pihfuh,11.51904548698552,global
EN_F_pihkif,HU_F_pihkif,10.999366436537688,global
EN_F_pikfuk,HU_F_pikfuk,13.532257204441748,global
EN_F_pikpup,HU_F_pikpup,13.056710244566837,global
EN_F_pipfup,HU_F_pipfup,14.39694041510881,global
EN_F_pipkik,HU_F_pipkik,7.8082332298259685,global
EN_F_pufhuf,HU_F_pufhuf,13.52401857444838,global
EN_F_pufkuh,HU_F_pufkuh,12.245423243454008,global
EN_F_puhfih,HU_F_puhfih,13.719076545081455,global
EN_F_puhkuf,HU_F_puhkuf,14.483066838282808,global
EN_F_pukfik,HU_F_pukfik,11.44274808737152,global
EN_F_pukpip,HU_F_pukpip,15.506347021967088,global
EN_F_pupfip,HU_F_pupfip,12.079722959096157,global
EN_F_pupkuk,HU_F_pupkuk,15.40391393758228,global
EN_F_fifhih,HU_M_fifhih,11.563375185630733,global
EN_F_fifkif,HU_M_fifkif,9.914494943299948,global
EN_F_fihfuf,HU_M_fihfuf,14.217486033563675,global
EN_F_fihkih,HU_M_fihkih,10.460894617762595,global
EN_F_fikhip,HU_M_fikhip,10.71043567440602,global
EN_F_fikpuk,HU_M_fikpuk,12.095799954155963,global
EN_F_fiphik,HU_M_fiphik,10.107701826840621,global
EN_F_fipkip,HU_M_fipkip,9.850116010872469,global
EN_F_fufhuh,HU_M_fufhuh,13.21239113970194,global
EN_F_fufkuf,HU_M_fufkuf,13.907803406261928,global
EN_F_fuhfif,HU_M_fuhfif,13.366308710331003,global
EN_F_fuhkuh,HU_M_fuhkuh,13.110487636916547,global
EN_F_fukhup,HU_M_fukhup,12.689022315544667,global
EN_F_fukpik,HU_M_fukpik,11.880606243551314,global
EN_F_fuphuk,HU_M_fuphuk,12.67132051875077,global
EN_F_fupkup,HU_M_fupkup,14.344177071726909,global
EN_F_hifhuh,HU_M_hifhuh,11.811668801339112,global
EN_F_hifpif,HU_M_hifpif,12.250709308529402,global
EN_F_hihfif,HU_M_hihfif,11.632817229300793,global
EN_F_hihpih,HU_M_hihpih,13.687551710966783,global
EN_F_hikfip,HU_M_hikfip,10.243853325980655,global
EN_F_hikpik,HU_M_hikpik,11.744009764001998,global
EN_F_hipfik,HU_M_hipfik,13.86436113586283,global
EN_F_hipkup,HU_M_hipkup,11.395349912808037,global
EN_F_hufhih,HU_M_hufhih,13.178479766172456,global
EN_F_hufpuf,HU_M_hufpuf,15.084977602945282,global
EN_F_huhfuf,HU_M_huhfuf,14.405907049715442,global
EN_F_huhpuh,HU_M_huhpuh,12.813650774405062,global
EN_F_hukfup,HU_M_hukfup,13.211128656255488,global
EN_F_hukpuk,HU_M_hukpuk,13.412442308020655,global
EN_F_hupfuk,HU_M_hupfuk,15.39024197012894,global
EN_F_hupkip,HU_M_hupkip,10.055129217072526,global
EN_F_kifhuf,HU_M_kifhuf,11.550246022827418,global
EN_F_kifpih,HU_M_kifpih,12.188887970746261,global
EN_F_kihfih,HU_M_kihfih,13.077454982002884,global
EN_F_kihpif,HU_M_kihpif,11.097981210976851,global
EN_F_kikhuk,HU_M_kikhuk,11.274868798614653,global
EN_F_kikpip,HU_M_kikpip,12.096932737588848,global
EN_F_kiphup,HU_M_kiphup,14.970108285717437,global
EN_F_kipkuk,HU_M_kipkuk,14.476401148000411,global
EN_F_kufhif,HU_M_kufhif,12.64273117089355,global
EN_F_kufpuh,HU_M_kufpuh,15.795183829198278,global
EN_F_kuhfuh,HU_M_kuhfuh,15.585521368058824,global
EN_F_kuhpuf,HU_M_kuhpuf,13.510204314429473,global
EN_F_kukhik,HU_M_kukhik,13.168792141823323,global
EN_F_kukpup,HU_M_kukpup,16.498595711565567,global
EN_F_kuphip,HU_M_kuphip,12.583752642908028,global
EN_F_kupkik,HU_M_kupkik,12.336288955849428,global
EN_F_pifhif,HU_M_pifhif,12.183084114640161,global
EN_F_pifkih,HU_M_pifkih,12.535417198022568,global
EN_F_pihfuh,HU_M_pihfuh,13.069084900185109,global
EN_F_pihkif,HU_M_pihkif,11.968411528132027,global
EN_F_pikfuk,HU_M_pikfuk,13.582213541762481,global
EN_F_pikpup,HU_M_pikpup,14.579119010833557,global
EN_F_pipfup,HU_M_pipfup,14.985603956996231,global
EN_F_pipkik,HU_M_pipkik,12.123983696682028,global
EN_F_pufhuf,HU_M_pufhuf,13.682858518877469,global
EN_F_pufkuh,HU_M_pufkuh,15.268086405726622,global
EN_F_puhfih,HU_M_puhfih,14.535836066705858,global
EN_F_puhkuf,HU_M_puhkuf,13.514120732397561,global
EN_F_pukfik,HU_M_pukfik,12.983644124240062,global
EN_F_pukpip,HU_M_pukpip,15.142052442893462,global
EN_F_pupfip,HU_M_pupfip,15.197753758186204,global
EN_F_pupkuk,HU_M_pupkuk,17.311172054636124,global
EN_M_fifhih,HI_F_fifhih,12.51711923556216,global
EN_M_fifkif,HI_F_fifkif,11.127355966859481,global
EN_M_fihfuf,HI_F_fihfuf,12.559758041279931,global
EN_M_fihkih,HI_F_fihkih,12.508398603742855,global
EN_M_fikhip,HI_F_fikhip,9.874997817614181,global
EN_M_fikpuk,HI_F_fikpuk,11.190653407610277,global
EN_M_fiphik,HI_F_fiphik,13.218992369416828,global
EN_M_fipkip,HI_F_fipkip,9.63892718350743,global
EN_M_fufhuh,HI_F_fufhuh,13.588204819318118,global
EN_M_fufkuf,HI_F_fufkuf,12.585404137326218,global
EN_M_fuhfif,HI_F_fuhfif,12.612354349614053,global
EN_M_fuhkuh,HI_F_fuhkuh,15.046407556150681,global
EN_M_fukhup,HI_F_fukhup,12.654750291513531,global
EN_M_fukpik,HI_F_fukpik,13.959205326448416,global
EN_M_fuphuk,HI_F_fuphuk,11.43509751769358,global
EN_M_fupkup,HI_F_fupkup,13.109649024159859,global
EN_M_hifhuh,HI_F_hifhuh,13.61853229657718,global
EN_M_hifpif,HI_F_hifpif,13.109934499489833,global
EN_M_hihfif,HI_F_hihfif,12.672807131389591,global
EN_M_hihpih,HI_F_hihpih,10.746914322036606,global
EN_M_hikfip,HI_F_hikfip,11.938638497027055,global
EN_M_hikpik,HI_F_hikpik,11.709758963369772,global
EN_M_hipfik,HI_F_hipfik,10.993916607623078,global
EN_M_hipkup,HI_F_hipkup,13.28219001140074,global
EN_M_hufhih,HI_F_hufhih,13.330902965986258,global
EN_M_hufpuf,HI_F_hufpuf,12.67481208068746,global
EN_M_huhfuf,HI_F_huhfuf,14.332715731366791,global
EN_M_huhpuh,HI_F_huhpuh,14.396124660941052,global
EN_M_hukfup,HI_F_hukfup,15.079083857932686,global
EN_M_hukpuk,HI_F_hukpuk,13.729557840413117,global
EN_M_hupfuk,HI_F_hupfuk,12.291980879521523,global
EN_M_hupkip,HI_F_hupkip,10.648789576664267,global
EN_M_kifhuf,HI_F_kifhuf,11.623971560394793,global
EN_M_kifpih,HI_F_kifpih,13.48062473891608,global
EN_M_kihfih,HI_F_kihfih,10.020449747528254,global
EN_M_kihpif,HI_F_kihpif,13.90791696891544,global
EN_M_kikhuk,HI_F_kikhuk,11.429798591303566,global
EN_M_kikpip,HI_F_kikpip,11.794848535976254,global
EN_M_kiphup,HI_F_kiphup,11.288152022047813,global
EN_M_kipkuk,HI_F_kipkuk,12.646019647333665,global
EN_M_kufhif,HI_F_kufhif,15.856169975921492,global
EN_M_kufpuh,HI_F_kufpuh,13.15644945308647,global
EN_M_kuhfuh,HI_F_kuhfuh,15.210544445311905,global
EN_M_kuhpuf,HI_F_kuhpuf,14.98958238681497,global
EN_M_kukhik,HI_F_kukhik,13.041301925841319,global
EN_M_kukpup,HI_F_kukpup,13.165713083353339,global
EN_M_kuphip,HI_F_kuphip,12.374357684901684,global
EN_M_kupkik,HI_F_kupkik,13.736398183664223,global
EN_M_pifhif,HI_F_pifhif,13.6093025223039,global
EN_M_pifkih,HI_F_pifkih,14.030931357395378,global
EN_M_pihfuh,HI_F_pihfuh,15.533688888726802,global
EN_M_pihkif,HI_F_pihkif,13.19454141521832,global
EN_M_pikfuk,HI_F_pikfuk,12.609817169424941,global
EN_M_pikpup,HI_F_pikpup,13.260873723211743,global
EN_M_pipfup,HI_F_pipfup,12.538956056196941,global
EN_M_pipkik,HI_F_pipkik,12.969407618891234,global
EN_M_pufhuf,HI_F_pufhuf,14.124867784014608,global
EN_M_pufkuh,HI_F_pufkuh,16.324250852623155,global
EN_M_puhfih,HI_F_puhfih,14.278651947067658,global
EN_M_puhkuf,HI_F_puhkuf,14.175583028996423,global
EN_M_pukfik,HI_F_pukfik,12.510422659812782,global
EN_M_pukpip,HI_F_pukpip,14.486559722355876,global
EN_M_pupfip,HI_F_pupfip,12.142777113135734,global
EN_M_pupkuk,HI_F_pupkuk,15.641307370436692,global
EN_M_fifhih,HI_M_fifhih,13.97719943316326,global
EN_M_fifkif,HI_M_fifkif,14.00014999162342,global
EN_M_fihfuf,HI_M_fihfuf,15.01373699217225,global
EN_M_fihkih,HI_M_fihkih,12.294882570096055,global
EN_M_fikhip,HI_M_fikhip,13.821383809981075,global
EN_M_fikpuk,HI_M_fikpuk,14.235978839879168,global
EN_M_fiphik,HI_M_fiphik,13.682138867451156,global
EN_M_fipkip,HI_M_fipkip,13.015769743641089,global
EN_M_fufhuh,HI_M_fufhuh,14.962876956905987,global
EN_M_fufkuf,HI_M_fufkuf,13.930160396403732,global
EN_M_fuhfif,HI_M_fuhfif,14.64973872278214,global
EN_M_fuhkuh,HI_M_fuhkuh,15.4958303890876,global
EN_M_fukhup,HI_M_fukhup,14.34387532277419,global
EN_M_fukpik,HI_M_fukpik,13.41860255281071,global
EN_M_fuphuk,HI_M_fuphuk,14.380421866052234,global
EN_M_fupkup,HI_M_fupkup,15.41574138210824,global
EN_M_hifhuh,HI_M_hifhuh,13.883718334448531,global
EN_M_hifpif,HI_M_hifpif,12.299448033386668,global
EN_M_hihfif,HI_M_hihfif,13.626739801241422,global
EN_M_hihpih,HI_M_hihpih,9.922794404475537,global
EN_M_hikfip,HI_M_hikfip,9.570939023189462,global
EN_M_hikpik,HI_M_hikpik,12.824645995677654,global
EN_M_hipfik,HI_M_hipfik,10.655863417381488,global
EN_M_hipkup,HI_M_hipkup,12.96802638597699,global
EN_M_hufhih,HI_M_hufhih,14.083951934553948,global
EN_M_hufpuf,HI_M_hufpuf,13.720236611354007,global
EN_M_huhfuf,HI_M_huhfuf,14.645936850336486,global
EN_M_huhpuh,HI_M_huhpuh,12.920093298634889,global
EN_M_hukfup,HI_M_hukfup,13.969926239518838,global
EN_M_hukpuk,HI_M_hukpuk,13.591600041315383,global
EN_M_hupfuk,HI_M_hupfuk,12.771316168881363,global
EN_M_hupkip,HI_M_hupkip,11.725868917767254,global
EN_M_kifhuf,HI_M_kifhuf,15.342735942661461,global
EN_M_kifpih,HI_M_kifpih,12.062310241820562,global
EN_M_kihfih,HI_M_kihfih,11.402562507890856,global
EN_M_kihpif,HI_M_kihpif,11.148026139251865,global
EN_M_kikhuk,HI_M_kikhuk,12.427628456599704,global
EN_M_kikpip,HI_M_kikpip,12.719040342608592,global
EN_M_kiphup,HI_M_kiphup,12.523124750296759,global
EN_M_kipkuk,HI_M_kipkuk,13.360416873364471,global
EN_M_kufhif,HI_M_kufhif,14.806091280672964,global
EN_M_kufpuh,HI_M_kufpuh,15.75648345287209,global
EN_M_kuhfuh,HI_M_kuhfuh,17.610642586479752,global
EN_M_kuhpuf,HI_M_kuhpuf,15.061229300662967,global
EN_M_kukhik,HI_M_kukhik,13.772406676874748,global
EN_M_kukpup,HI_M_kukpup,15.430253058899588,global
EN_M_kuphip,HI_M_kuphip,14.094125568574254,global
EN_M_kupkik,HI_M_kupkik,14.672724978802073,global
EN_M_pifhif,HI_M_pifhif,13.436057206673349,global
EN_M_pifkih,HI_M_pifkih,13.86972158150309,global
EN_M_pihfuh,HI_M_pihfuh,15.352765099212386,global
EN_M_pihkif,HI_M_pihkif,12.61874528160201,global
EN_M_pikfuk,HI_M_pikfuk,14.11029273886704,global
EN_M_pikpup,HI_M_pikpup,12.84048797385281,global
EN_M_pipfup,HI_M_pipfup,15.44974887273677,global
EN_M_pipkik,HI_M_pipkik,12.100665551754174,global
EN_M_pufhuf,HI_M_pufhuf,16.634209416652624,global
EN_M_pufkuh,HI_M_pufkuh,14.673974647389722,global
EN_M_puhfih,HI_M_puhfih,15.157710847378342,global
EN_M_puhkuf,HI_M_puhkuf,15.109421401312156,global
EN_M_pukfik,HI_M_pukfik,12.203491010235327,global
EN_M_pukpip,HI_M_pukpip,13.134115051573646,global
EN_M_pupfip,HI_M_pupfip,13.948707429895313,global
EN_M_pupkuk,HI_M_pupkuk,15.10675362211988,global
EN_M_fifhih,HU_F_fifhih,12.57477408977274,global
EN_M_fifkif,HU_F_fifkif,11.756473846800695,global
EN_M_fihfuf,HU_F_fihfuf,11.403582757863607,global
EN_M_fihkih,HU_F_fihkih,12.542900170613047,global
EN_M_fikhip,HU_F_fikhip,9.261363630416659,global
EN_M_fikpuk,HU_F_fikpuk,12.725787362822551,global
EN_M_fiphik,HU_F_fiphik,11.618572882790446,global
EN_M_fipkip,HU_F_fipkip,9.158724588625141,global
EN_M_fufhuh,HU_F_fufhuh,11.079176394942094,global
EN_M_fufkuf,HU_F_fufkuf,13.482182542754668,global
EN_M_fuhfif,HU_F_fuhfif,12.37056108337495,global
EN_M_fuhkuh,HU_F_fuhkuh,12.298163949631672,global
EN_M_fukhup,HU_F_fukhup,12.63287429506105,global
EN_M_fukpik,HU_F_fukpik,12.815888860719976,global
EN_M_fuphuk,HU_F_fuphuk,11.859229064577029,global
EN_M_fupkup,HU_F_fupkup,12.50890323431036,global
EN_M_hifhuh,HU_F_hifhuh,11.580614003383173,global
EN_M_hifpif,HU_F_hifpif,11.37589106205378,global
EN_M_hihfif,HU_F_hihfif,12.384233750630447,global
EN_M_hihpih,HU_F_hihpih,11.505138000573998,global
EN_M_hikfip,HU_F_hikfip,10.199362409446026,global
EN_M_hikpik,HU_F_hikpik,10.726074725585985,global
EN_M_hipfik,HU_F_hipfik,12.839873422981976,global
EN_M_hipkup,HU_F_hipkup,10.988511105897942,global
EN_M_hufhih,HU_F_hufhih,12.691367189936559,global
EN_M_hufpuf,HU_F_hufpuf,12.120403906275868,global
EN_M_huhfuf,HU_F_huhfuf,13.34138666686428,global
EN_M_huhpuh,HU_F_huhpuh,11.340596918819744,global
EN_M_hukfup,HU_F_hukfup,12.92762202508668,global
EN_M_hukpuk,HU_F_hukpuk,13.294952855519801,global
EN_M_hupfuk,HU_F_hupfuk,12.361537419823982,global
EN_M_hupkip,HU_F_hupkip,8.74141617004571,global
EN_M_kifhuf,HU_F_kifhuf,11.142470280995715,global
EN_M_kifpih,HU_F_kifpih,10.81087104856421,global
EN_M_kihfih,HU_F_kihfih,10.131593506149866,global
EN_M_kihpif,HU_F_kihpif,13.83769387587613,global
EN_M_kikhuk,HU_F_kikhuk,8.87538101235478,global
EN_M_kikpip,HU_F_kikpip,10.76695656564592,global
EN_M_kiphup,HU_F_kiphup,9.383687440245913,global
EN_M_kipkuk,HU_F_kipkuk,10.788988414513046,global
EN_M_kufhif,HU_F_kufhif,13.89635045085974,global
EN_M_kufpuh,HU_F_kufpuh,14.735997069661034,global
EN_M_kuhfuh,HU_F_kuhfuh,13.530904627889614,global
EN_M_kuhpuf,HU_F_kuhpuf,14.736142741890585,global
EN_M_kukhik,HU_F_kukhik,12.816646977037957,global
EN_M_kukpup,HU_F_kukpup,14.68934018499805,global
EN_M_kuphip,HU_F_kuphip,9.494739114607684,global
EN_M_kupkik,HU_F_kupkik,11.740127539684746,global
EN_M_pifhif,HU_F_pifhif,12.277770648105891,global
EN_M_pifkih,HU_F_pifkih,14.284626168647456,global
EN_M_pihfuh,HU_F_pihfuh,11.618008676008673,global
EN_M_pihkif,HU_F_pihkif,12.090851783811761,global
EN_M_pikfuk,HU_F_pikfuk,13.297961547761433,global
EN_M_pikpup,HU_F_pikpup,15.19889417243927,global
EN_M_pipfup,HU_F_pipfup,13.368203032303645,global
EN_M_pipkik,HU_F_pipkik,10.654116590178598,global
EN_M_pufhuf,HU_F_pufhuf,12.091548395469896,global
EN_M_pufkuh,HU_F_pufkuh,11.649832389078005,global
EN_M_puhfih,HU_F_puhfih,14.005608475455567,global
EN_M_puhkuf,HU_F_puhkuf,13.865289772766548,global
EN_M_pukfik,HU_F_pukfik,12.608177792537344,global
EN_M_pukpip,HU_F_pukpip,15.825377059853492,global
EN_M_pupfip,HU_F_pupfip,12.876657393631492,global
EN_M_pupkuk,HU_F_pupkuk,14.583900966836737,global
EN_M_fifhih,HU_M_fifhih,10.505297652869324,global
EN_M_fifkif,HU_M_fifkif,9.489370978814435,global
EN_M_fihfuf,HU_M_fihfuf,11.426497190574748,global
EN_M_fihkih,HU_M_fihkih,11.25033015137871,global
EN_M_fikhip,HU_M_fikhip,9.508589296036211,global
EN_M_fikpuk,HU_M_fikpuk,11.640397307729872,global
EN_M_fiphik,HU_M_fiphik,10.050018743665502,global
EN_M_fipkip,HU_M_fipkip,8.989718020589697,global
EN_M_fufhuh,HU_M_fufhuh,11.33434185656234,global
EN_M_fufkuf,HU_M_fufkuf,12.35684606730136,global
EN_M_fuhfif,HU_M_fuhfif,11.087732633306684,global
EN_M_fuhkuh,HU_M_fuhkuh,12.44191925835936,global
EN_M_fukhup,HU_M_fukhup,12.50586399503912,global
EN_M_fukpik,HU_M_fukpik,12.047942266345826,global
EN_M_fuphuk,HU_M_fuphuk,11.536937732320643,global
EN_M_fupkup,HU_M_fupkup,13.165746147772923,global
EN_M_hifhuh,HU_M_hifhuh,10.099053592143452,global
EN_M_hifpif,HU_M_hifpif,10.886959208258435,global
EN_M_hihfif,HU_M_hihfif,10.300050702387324,global
EN_M_hihpih,HU_M_hihpih,10.431668314927444,global
EN_M_hikfip,HU_M_hikfip,9.149707353846358,global
EN_M_hikpik,HU_M_hikpik,9.816009875120205,global
EN_M_hipfik,HU_M_hipfik,8.396445547035997,global
EN_M_hipkup,HU_M_hipkup,10.243031835354628,global
EN_M_hufhih,HU_M_hufhih,12.531581026038415,global
EN_M_hufpuf,HU_M_hufpuf,12.970905935929288,global
EN_M_huhfuf,HU_M_huhfuf,11.649536577106502,global
EN_M_huhpuh,HU_M_huhpuh,10.30173778800033,global
EN_M_hukfup,HU_M_hukfup,12.232293888848412,global
EN_M_hukpuk,HU_M_hukpuk,11.727898190088977,global
EN_M_hupfuk,HU_M_hupfuk,13.036836000067924,global
EN_M_hupkip,HU_M_hupkip,9.536804801521946,global
EN_M_kifhuf,HU_M_kifhuf,10.88993668849585,global
EN_M_kifpih,HU_M_kifpih,9.344423189786365,global
EN_M_kihfih,HU_M_kihfih,9.591886206270184,global
EN_M_kihpif,HU_M_kihpif,10.717127872288623,global
EN_M_kikhuk,HU_M_kikhuk,9.657919160295648,global
EN_M_kikpip,HU_M_kikpip,9.823977095261741,global
EN_M_kiphup,HU_M_kiphup,10.864113318854141,global
EN_M_kipkuk,HU_M_kipkuk,10.764545449018591,global
EN_M_kufhif,HU_M_kufhif,12.579888911881243,global
EN_M_kufpuh,HU_M_kufpuh,14.375238027742107,global
EN_M_kuhfuh,HU_M_kuhfuh,13.739889434606878,global
EN_M_kuhpuf,HU_M_kuhpuf,13.960878120779954,global
EN_M_kukhik,HU_M_kukhik,11.406415571311642,global
EN_M_kukpup,HU_M_kukpup,15.211420577237536,global
EN_M_kuphip,HU_M_kuphip,10.518003204358164,global
EN_M_kupkik,HU_M_kupkik,11.794803300375044,global
EN_M_pifhif,HU_M_pifhif,11.797952317147285,global
EN_M_pifkih,HU_M_pifkih,11.635336821758248,global
EN_M_pihfuh,HU_M_pihfuh,13.196481594244156,global
EN_M_pihkif,HU_M_pihkif,12.234067137809998,global
EN_M_pikfuk,HU_M_pikfuk,11.716116683002488,global
EN_M_pikpup,HU_M_pikpup,13.891749280673409,global
EN_M_pipfup,HU_M_pipfup,12.140928203348812,global
EN_M_pipkik,HU_M_pipkik,11.723518973271652,global
EN_M_pufhuf,HU_M_pufhuf,14.608623789705787,global
EN_M_pufkuh,HU_M_pufkuh,12.79663479546655,global
EN_M_puhfih,HU_M_puhfih,13.177989018563316,global
EN_M_puhkuf,HU_M_puhkuf,12.775605661285597,global
EN_M_pukfik,HU_M_pukfik,10.226611394899555,global
EN_M_pukpip,HU_M_pukpip,12.745714053912328,global
EN_M_pupfip,HU_M_pupfip,13.770267369987446,global
EN_M_pupkuk,HU_M_pupkuk,14.418867613284519,global
HI_F_fifhih,HI_M_fifhih,13.70967821478426,global
HI_F_fifkif,HI_M_fifkif,13.155566533202979,global
HI_F_fihfuf,HI_M_fihfuf,12.777494365623285,global
HI_F_fihkih,HI_M_fihkih,10.966599248654349,global
HI_F_fikhip,HI_M_fikhip,14.176077382412592,global
HI_F_fikpuk,HI_M_fikpuk,12.672278777481814,global
HI_F_fiphik,HI_M_fiphik,10.853809715526737,global
HI_F_fipkip,HI_M_fipkip,12.259908178019517,global
HI_F_fufhuh,HI_M_fufhuh,12.379226957699556,global
HI_F_fufkuf,HI_M_fufkuf,14.344809869756519,global
HI_F_fuhfif,HI_M_fuhfif,12.061087226594301,global
HI_F_fuhkuh,HI_M_fuhkuh,10.073419472770182,global
HI_F_fukhup,HI_M_fukhup,9.915065863043072,global
HI_F_fukpik,HI_M_fukpik,12.342041232008489,global
HI_F_fuphuk,HI_M_fuphuk,11.332032198501485,global
HI_F_fupkup,HI_M_fupkup,12.907973058170517,global
HI_F_hifhuh,HI_M_hifhuh,12.320752803413347,global
HI_F_hifpif,HI_M_hifpif,8.708628664652787,global
HI_F_hihfif,HI_M_hihfif,11.923748747594896,global
HI_F_hihpih,HI_M_hihpih,8.130713374495016,global
HI_F_hikfip,HI_M_hikfip,9.100709466784169,global
HI_F_hikpik,HI_M_hikpik,9.41091812987835,global
HI_F_hipfik,HI_M_hipfik,10.375136468616445,global
HI_F_hipkup,HI_M_hipkup,11.211287787414676,global
HI_F_hufhih,HI_M_hufhih,11.886589231009236,global
HI_F_hufpuf,HI_M_hufpuf,10.338384859644416,global
HI_F_huhfuf,HI_M_huhfuf,10.159141522430012,global
HI_F_huhpuh,HI_M_huhpuh,12.099087886391514,global
HI_F_hukfup,HI_M_hukfup,10.010707526643012,global
HI_F_hukpuk,HI_M_hukpuk,11.830918451718835,global
HI_F_hupfuk,HI_M_hupfuk,10.666044867544528,global
HI_F_hupkip,HI_M_hupkip,10.793083454914566,global
HI_F_kifhuf,HI_M_kifhuf,12.933357568306098,global
HI_F_kifpih,HI_M_kifpih,13.111741908177326,global
HI_F_kihfih,HI_M_kihfih,11.405526891120859,global
HI_F_kihpif,HI_M_kihpif,11.829727748131083,global
HI_F_kikhuk,HI_M_kikhuk,10.9302846035518,global
HI_F_kikpip,HI_M_kikpip,11.35829314563398,global
HI_F_kiphup,HI_M_kiphup,10.049333522907194,global
HI_F_kipkuk,HI_M_kipkuk,10.520615301217955,global
HI_F_kufhif,HI_M_kufhif,13.542465838853175,global
HI_F_kufpuh,HI_M_kufpuh,11.277032829880309,global
HI_F_kuhfuh,HI_M_kuhfuh,13.814009367781491,global
HI_F_kuhpuf,HI_M_kuhpuf,9.859681246748108,global
HI_F_kukhik,HI_M_kukhik,10.173340912350012,global
HI_F_kukpup,HI_M_kukpup,13.263645522951593,global
HI_F_kuphip,HI_M_kuphip,12.764921511095537,global
HI_F_kupkik,HI_M_kupkik,10.838489500482014,global
HI_F_pifhif,HI_M_pifhif,11.474464664630014,global
HI_F_pifkih,HI_M_pifkih,10.097123622088022,global
HI_F_pihfuh,HI_M_pihfuh,12.87474810051707,global
HI_F_pihkif,HI_M_pihkif,9.482762591754897,global
HI_F_pikfuk,HI_M_pikfuk,12.157392231366892,global
HI_F_pikpup,HI_M_pikpup,9.76257370226806,global
HI_F_pipfup,HI_M_pipfup,11.554534540935352,global
HI_F_pipkik,HI_M_pipkik,10.289192617501504,global
HI_F_pufhuf,HI_M_pufhuf,13.024627440731718,global
HI_F_pufkuh,HI_M_pufkuh,11.893237281250673,global
HI_F_puhfih,HI_M_puhfih,9.934934000492396,global
HI_F_puhkuf,HI_M_puhkuf,11.724953852748714,global
HI_F_pukfik,HI_M_pukfik,9.16412559504092,global
HI_F_pukpip,HI_M_pukpip,9.668350858139327,global
HI_F_pupfip,HI_M_pupfip,11.606208464293614,global
HI_F_pupkuk,HI_M_pupkuk,13.443592412231979,global
HI_F_fifhih,HU_F_fifhih,9.830738827529837,global
HI_F_fifkif,HU_F_fifkif,11.129718740953656,global
HI_F_fihfuf,HU_F_fihfuf,13.392385586503972,global
HI_F_fihkih,HU_F_fihkih,8.573786044556343,global
HI_F_fikhip,HU_F_fikhip,8.846312332982043,global
HI_F_fikpuk,HU_F_fikpuk,12.979198306371721,global
HI_F_fiphik,HU_F_fiphik,11.377062217244996,global
HI_F_fipkip,HU_F_fipkip,10.99385836809258,global
HI_F_fufhuh,HU_F_fufhuh,14.29054014120195,global
HI_F_fufkuf,HU_F_fufkuf,15.448730018272567,global
HI_F_fuhfif,HU_F_fuhfif,13.328578006685486,global
HI_F_fuhkuh,HU_F_fuhkuh,13.89855500889842,global
HI_F_fukhup,HU_F_fukhup,13.680569204437672,global
HI_F_fukpik,HU_F_fukpik,13.134715552260586,global
HI_F_fuphuk,HU_F_fuphuk,13.964898533236319,global
HI_F_fupkup,HU_F_fupkup,15.027444911834417,global
HI_F_hifhuh,HU_F_hifhuh,12.725765538135605,global
HI_F_hifpif,HU_F_hifpif,9.074868089168564,global
HI_F_hihfif,HU_F_hihfif,10.038149350572564,global
HI_F_hihpih,HU_F_hihpih,9.190067460777366,global
HI_F_hikfip,HU_F_hikfip,9.622607652989458,global
HI_F_hikpik,HU_F_hikpik,7.648676534112141,global
HI_F_hipfik,HU_F_hipfik,10.553843170804608,global
HI_F_hipkup,HU_F_hipkup,13.538099159120245,global
HI_F_hufhih,HU_F_hufhih,12.433282655563882,global
HI_F_hufpuf,HU_F_hufpuf,14.658733097121669,global
HI_F_huhfuf,HU_F_huhfuf,14.44961178468995,global
HI_F_huhpuh,HU_F_huhpuh,13.844489175938497,global
HI_F_hukfup,HU_F_hukfup,15.492470900491107,global
HI_F_hukpuk,HU_F_hukpuk,14.550743109408755,global
HI_F_hupfuk,HU_F_hupfuk,15.10515165725146,global
HI_F_hupkip,HU_F_hupkip,11.1463249633967,global
HI_F_kifhuf,HU_F_kifhuf,12.31489101793246,global
HI_F_kifpih,HU_F_kifpih,9.903402477193195,global
HI_F_kihfih,HU_F_kihfih,10.280215228559946,global
HI_F_kihpif,HU_F_kihpif,10.088580211318334,global
HI_F_kikhuk,HU_F_kikhuk,11.311281386830654,global
HI_F_kikpip,HU_F_kikpip,10.677898734346117,global
HI_F_kiphup,HU_F_kiphup,11.9389563762108,global
HI_F_kipkuk,HU_F_kipkuk,13.771472032253413,global
HI_F_kufhif,HU_F_kufhif,12.784735974710406,global
HI_F_kufpuh,HU_F_kufpuh,14.476776767824797,global
HI_F_kuhfuh,HU_F_kuhfuh,15.30099911112672,global
HI_F_kuhpuf,HU_F_kuhpuf,15.007838763462605,global
HI_F_kukhik,HU_F_kukhik,11.789861302314032,global
HI_F_kukpup,HU_F_kukpup,15.836101483994026,global
HI_F_kuphip,HU_F_kuphip,11.430032846104636,global
HI_F_kupkik,HU_F_kupkik,11.27513035092794,global
HI_F_pifhif,HU_F_pifhif,11.364075680494562,global
HI_F_pifkih,HU_F_pifkih,9.736793462388588,global
HI_F_pihfuh,HU_F_pihfuh,14.830938316787954,global
HI_F_pihkif,HU_F_pihkif,9.315596232339285,global
HI_F_pikfuk,HU_F_pikfuk,13.775704199634614,global
HI_F_pikpup,HU_F_pikpup,14.228740853587553,global
HI_F_pipfup,HU_F_pipfup,14.422019092591876,global
HI_F_pipkik,HU_F_pipkik,11.579579755705755,global
HI_F_pufhuf,HU_F_pufhuf,15.233550969225519,global
HI_F_pufkuh,HU_F_pufkuh,15.671032861314227,global
HI_F_puhfih,HU_F_puhfih,11.932286975438037,global
HI_F_puhkuf,HU_F_puhkuf,15.081652382833635,global
HI_F_pukfik,HU_F_pukfik,11.86966505370579,global
HI_F_pukpip,HU_F_pukpip,15.561389349258127,global
HI_F_pupfip,HU_F_pupfip,12.361121306736717,global
HI_F_pupkuk,HU_F_pupkuk,15.467590707991675,global
HI_F_fifhih,HU_M_fifhih,11.316172242956728,global
HI_F_fifkif,HU_M_fifkif,9.25072329599148,global
HI_F_fihfuf,HU_M_fihfuf,13.556693387827668,global
HI_F_fihkih,HU_M_fihkih,11.106081636214409,global
HI_F_fikhip,HU_M_fikhip,10.503887089468417,global
HI_F_fikpuk,HU_M_fikpuk,12.893160324789998,global
HI_F_fiphik,HU_M_fiphik,10.318728133508538,global
HI_F_fipkip,HU_M_fipkip,10.761088414882357,global
HI_F_fufhuh,HU_M_fufhuh,13.993762109139356,global
HI_F_fufkuf,HU_M_fufkuf,14.896055696528624,global
HI_F_fuhfif,HU_M_fuhfif,13.040500710029923,global
HI_F_fuhkuh,HU_M_fuhkuh,13.26979920765386,global
HI_F_fukhup,HU_M_fukhup,12.638026131964606,global
HI_F_fukpik,HU_M_fukpik,13.332679138245478,global
HI_F_fuphuk,HU_M_fuphuk,13.516875536837773,global
HI_F_fupkup,HU_M_fupkup,14.94510280575642,global
HI_F_hifhuh,HU_M_hifhuh,13.660958087118974,global
HI_F_hifpif,HU_M_hifpif,10.808523562486444,global
HI_F_hihfif,HU_M_hihfif,12.031668819785125,global
HI_F_hihpih,HU_M_hihpih,11.41349174192801,global
HI_F_hikfip,HU_M_hikfip,11.294109679915334,global
HI_F_hikpik,HU_M_hikpik,9.11773429345459,global
HI_F_hipfik,HU_M_hipfik,11.51594489718198,global
HI_F_hipkup,HU_M_hipkup,13.215759277579325,global
HI_F_hufhih,HU_M_hufhih,13.953846858395405,global
HI_F_hufpuf,HU_M_hufpuf,14.973561001721183,global
HI_F_huhfuf,HU_M_huhfuf,15.040746328166193,global
HI_F_huhpuh,HU_M_huhpuh,13.501628705711544,global
HI_F_hukfup,HU_M_hukfup,15.32625600862021,global
HI_F_hukpuk,HU_M_hukpuk,14.242987418089479,global
HI_F_hupfuk,HU_M_hupfuk,16.58705133035334,global
HI_F_hupkip,HU_M_hupkip,12.046589033090607,global
HI_F_kifhuf,HU_M_kifhuf,12.969444190027225,global
HI_F_kifpih,HU_M_kifpih,13.815515000056946,global
HI_F_kihfih,HU_M_kihfih,11.310558731400707,global
HI_F_kihpif,HU_M_kihpif,11.72376977406012,global
HI_F_kikhuk,HU_M_kikhuk,12.998790292054252,global
HI_F_kikpip,HU_M_kikpip,11.003988751813242,global
HI_F_kiphup,HU_M_kiphup,12.234382145579467,global
HI_F_kipkuk,HU_M_kipkuk,14.162388083045823,global
HI_F_kufhif,HU_M_kufhif,14.29952988361105,global
HI_F_kufpuh,HU_M_kufpuh,14.563319851900488,global
HI_F_kuhfuh,HU_M_kuhfuh,14.975068556799718,global
HI_F_kuhpuf,HU_M_kuhpuf,13.621790277454469,global
HI_F_kukhik,HU_M_kukhik,12.633750465547156,global
HI_F_kukpup,HU_M_kukpup,16.540321297175645,global
HI_F_kuphip,HU_M_kuphip,13.237778748786216,global
HI_F_kupkik,HU_M_kupkik,12.769620210126108,global
HI_F_pifhif,HU_M_pifhif,10.909081965585953,global
HI_F_pifkih,HU_M_pifkih,11.71610505211559,global
HI_F_pihfuh,HU_M_pihfuh,15.09912137617799,global
HI_F_pihkif,HU_M_pihkif,10.951175116711664,global
HI_F_pikfuk,HU_M_pikfuk,13.939050218791747,global
HI_F_pikpup,HU_M_pikpup,13.451584264614329,global
HI_F_pipfup,HU_M_pipfup,13.187419095067993,global
HI_F_pipkik,HU_M_pipkik,12.13448514206944,global
HI_F_pufhuf,HU_M_pufhuf,15.913707652967616,global
HI_F_pufkuh,HU_M_pufkuh,16.814089643342133,global
HI_F_puhfih,HU_M_puhfih,12.862925730106717,global
HI_F_puhkuf,HU_M_puhkuf,13.996475536273884,global
HI_F_pukfik,HU_M_pukfik,13.56756989453409,global
HI_F_pukpip,HU_M_pukpip,14.916891743403937,global
HI_F_pupfip,HU_M_pupfip,12.918326680709544,global
HI_F_pupkuk,HU_M_pupkuk,15.237374125977295,global
HI_M_fifhih,HU_F_fifhih,12.567207532763074,global
HI_M_fifkif,HU_F_fifkif,11.57676781948465,global
HI_M_fihfuf,HU_F_fihfuf,15.103481853424105,global
HI_M_fihkih,HU_F_fihkih,11.536099723444282,global
HI_M_fikhip,HU_F_fikhip,13.15257138734704,global
HI_M_fikpuk,HU_F_fikpuk,12.770028662830038,global
HI_M_fiphik,HU_F_fiphik,13.16395601008245,global
HI_M_fipkip,HU_F_fipkip,11.437179118216466,global
HI_M_fufhuh,HU_F_fufhuh,14.838211268538858,global
HI_M_fufkuf,HU_F_fufkuf,14.43071107406822,global
HI_M_fuhfif,HU_F_fuhfif,14.36359866861049,global
HI_M_fuhkuh,HU_F_fuhkuh,14.582889444336871,global
HI_M_fukhup,HU_F_fukhup,15.207519900909668,global
HI_M_fukpik,HU_F_fukpik,13.496090414541412,global
HI_M_fuphuk,HU_F_fuphuk,15.18423585797715,global
HI_M_fupkup,HU_F_fupkup,15.843488182271216,global
HI_M_hifhuh,HU_F_hifhuh,12.813092569055893,global
HI_M_hifpif,HU_F_hifpif,9.95852596972561,global
HI_M_hihfif,HU_F_hihfif,11.520214014555252,global
HI_M_hihpih,HU_F_hihpih,9.853976526668015,global
HI_M_hikfip,HU_F_hikfip,9.743410026874763,global
HI_M_hikpik,HU_F_hikpik,9.377999908743938,global
HI_M_hipfik,HU_F_hipfik,11.16727575533236,global
HI_M_hipkup,HU_F_hipkup,14.103751783494486,global
HI_M_hufhih,HU_F_hufhih,13.647760119813116,global
HI_M_hufpuf,HU_F_hufpuf,13.821999098160067,global
HI_M_huhfuf,HU_F_huhfuf,15.044337355732535,global
HI_M_huhpuh,HU_F_huhpuh,13.55744118026702,global
HI_M_hukfup,HU_F_hukfup,15.617782505540827,global
HI_M_hukpuk,HU_F_hukpuk,14.493710456370977,global
HI_M_hupfuk,HU_F_hupfuk,14.169325463493822,global
HI_M_hupkip,HU_F_hupkip,12.325941995488595,global
HI_M_kifhuf,HU_F_kifhuf,15.81614836475348,global
HI_M_kifpih,HU_F_kifpih,12.118096470447162,global
HI_M_kihfih,HU_F_kihfih,11.889173297280742,global
HI_M_kihpif,HU_F_kihpif,11.277061372768962,global
HI_M_kikhuk,HU_F_kikhuk,12.40850904543767,global
HI_M_kikpip,HU_F_kikpip,11.831826426526037,global
HI_M_kiphup,HU_F_kiphup,13.514087783882767,global
HI_M_kipkuk,HU_F_kipkuk,14.504890069584642,global
HI_M_kufhif,HU_F_kufhif,14.750655713343935,global
HI_M_kufpuh,HU_F_kufpuh,15.385741208764609,global
HI_M_kuhfuh,HU_F_kuhfuh,17.15988377243742,global
HI_M_kuhpuf,HU_F_kuhpuf,15.144807598555682,global
HI_M_kukhik,HU_F_kukhik,14.500326952250914,global
HI_M_kukpup,HU_F_kukpup,16.32694629358056,global
HI_M_kuphip,HU_F_kuphip,13.893448806611664,global
HI_M_kupkik,HU_F_kupkik,12.380415346668075,global
HI_M_pifhif,HU_F_pifhif,10.879490262380019,global
HI_M_pifkih,HU_F_pifkih,12.075316729182815,global
HI_M_pihfuh,HU_F_pihfuh,14.970666065668205,global
HI_M_pihkif,HU_F_pihkif,9.950855456552059,global
HI_M_pikfuk,HU_F_pikfuk,15.232590023768438,global
HI_M_pikpup,HU_F_pikpup,15.006653492760188,global
HI_M_pipfup,HU_F_pipfup,16.096041467107757,global
HI_M_pipkik,HU_F_pipkik,11.220234651183898,global
HI_M_pufhuf,HU_F_pufhuf,17.023830881066406,global
HI_M_pufkuh,HU_F_pufkuh,14.712233712872102,global
HI_M_puhfih,HU_F_puhfih,13.902627889292066,global
HI_M_puhkuf,HU_F_puhkuf,15.242215642801652,global
HI_M_pukfik,HU_F_pukfik,11.38840583091638,global
HI_M_pukpip,HU_F_pukpip,14.4112446989026,global
HI_M_pupfip,HU_F_pupfip,12.99485305469931,global
HI_M_pupkuk,HU_F_pupkuk,16.34179216053322,global
HI_M_fifhih,HU_M_fifhih,12.355120370074946,global
HI_M_fifkif,HU_M_fifkif,12.675125932174328,global
HI_M_fihfuf,HU_M_fihfuf,16.62400476138885,global
HI_M_fihkih,HU_M_fihkih,11.964231382134383,global
HI_M_fikhip,HU_M_fikhip,13.80426517818799,global
HI_M_fikpuk,HU_M_fikpuk,13.468988434521796,global
HI_M_fiphik,HU_M_fiphik,10.867075423436622,global
HI_M_fipkip,HU_M_fipkip,12.15181270463565,global
HI_M_fufhuh,HU_M_fufhuh,14.93280099260139,global
HI_M_fufkuf,HU_M_fufkuf,13.95292634877415,global
HI_M_fuhfif,HU_M_fuhfif,15.035790090094588,global
HI_M_fuhkuh,HU_M_fuhkuh,13.989115527846959,global
HI_M_fukhup,HU_M_fukhup,13.777837825088733,global
HI_M_fukpik,HU_M_fukpik,12.265665383384334,global
HI_M_fuphuk,HU_M_fuphuk,15.21232610851152,global
HI_M_fupkup,HU_M_fupkup,16.01639194828943,global
HI_M_hifhuh,HU_M_hifhuh,12.666442319037685,global
HI_M_hifpif,HU_M_hifpif,10.114414560764493,global
HI_M_hihfif,HU_M_hihfif,11.140995053472055,global
HI_M_hihpih,HU_M_hihpih,10.433515502360542,global
HI_M_hikfip,HU_M_hikfip,9.638789664960388,global
HI_M_hikpik,HU_M_hikpik,9.643933844521563,global
HI_M_hipfik,HU_M_hipfik,10.86613163650618,global
HI_M_hipkup,HU_M_hipkup,14.193107549740365,global
HI_M_hufhih,HU_M_hufhih,13.698255704648913,global
HI_M_hufpuf,HU_M_hufpuf,13.822377992696019,global
HI_M_huhfuf,HU_M_huhfuf,15.176565378485886,global
HI_M_huhpuh,HU_M_huhpuh,13.910681986945022,global
HI_M_hukfup,HU_M_hukfup,15.54452792004623,global
HI_M_hukpuk,HU_M_hukpuk,14.931632234831307,global
HI_M_hupfuk,HU_M_hupfuk,15.873060620097073,global
HI_M_hupkip,HU_M_hupkip,11.62032332824419,global
HI_M_kifhuf,HU_M_kifhuf,15.261455193054696,global
HI_M_kifpih,HU_M_kifpih,9.603615171777102,global
HI_M_kihfih,HU_M_kihfih,12.294519658595531,global
HI_M_kihpif,HU_M_kihpif,10.024955709127427,global
HI_M_kikhuk,HU_M_kikhuk,13.06813486234033,global
HI_M_kikpip,HU_M_kikpip,10.90670796673662,global
HI_M_kiphup,HU_M_kiphup,13.063893913521312,global
HI_M_kipkuk,HU_M_kipkuk,14.77190379036577,global
HI_M_kufhif,HU_M_kufhif,12.552720454556457,global
HI_M_kufpuh,HU_M_kufpuh,16.165031968884875,global
HI_M_kuhfuh,HU_M_kuhfuh,18.162091750275735,global
HI_M_kuhpuf,HU_M_kuhpuf,15.230675833297065,global
HI_M_kukhik,HU_M_kukhik,14.105092363673885,global
HI_M_kukpup,HU_M_kukpup,16.182783881189863,global
HI_M_kuphip,HU_M_kuphip,13.97036751508815,global
HI_M_kupkik,HU_M_kupkik,13.126633418245767,global
HI_M_pifhif,HU_M_pifhif,9.165392847636753,global
HI_M_pifkih,HU_M_pifkih,11.540204277013636,global
HI_M_pihfuh,HU_M_pihfuh,16.5075988131735,global
HI_M_pihkif,HU_M_pihkif,10.725601065819378,global
HI_M_pikfuk,HU_M_pikfuk,15.281669097310605,global
HI_M_pikpup,HU_M_pikpup,13.023892928851424,global
HI_M_pipfup,HU_M_pipfup,15.011995637871257,global
HI_M_pipkik,HU_M_pipkik,11.265709675990438,global
HI_M_pufhuf,HU_M_pufhuf,17.109344454463102,global
HI_M_pufkuh,HU_M_pufkuh,15.548725445700297,global
HI_M_puhfih,HU_M_puhfih,13.489618600093642,global
HI_M_puhkuf,HU_M_puhkuf,14.859569611629302,global
HI_M_pukfik,HU_M_pukfik,12.312852998067122,global
HI_M_pukpip,HU_M_pukpip,13.073100610636693,global
HI_M_pupfip,HU_M_pupfip,14.879429922658641,global
HI_M_pupkuk,HU_M_pupkuk,15.418225575553178,global
HU_F_fifhih,HU_M_fifhih,10.413818610895676,global
HU_F_fifkif,HU_M_fifkif,11.239784577057737,global
HU_F_fihfuf,HU_M_fihfuf,10.380470121042766,global
HU_F_fihkih,HU_M_fihkih,11.342874928275302,global
HU_F_fikhip,HU_M_fikhip,9.362765972153078,global
HU_F_fikpuk,HU_M_fikpuk,9.607436852484906,global
HU_F_fiphik,HU_M_fiphik,11.496349634190778,global
HU_F_fipkip,HU_M_fipkip,9.924109370670736,global
HU_F_fufhuh,HU_M_fufhuh,9.700385278933924,global
HU_F_fufkuf,HU_M_fufkuf,11.065937060624748,global
HU_F_fuhfif,HU_M_fuhfif,12.381090974030968,global
HU_F_fuhkuh,HU_M_fuhkuh,10.679129930530273,global
HU_F_fukhup,HU_M_fukhup,10.747791773597479,global
HU_F_fukpik,HU_M_fukpik,10.874614477392115,global
HU_F_fuphuk,HU_M_fuphuk,10.237961813875183,global
HU_F_fupkup,HU_M_fupkup,10.830358345901015,global
HU_F_hifhuh,HU_M_hifhuh,12.164466829163349,global
HU_F_hifpif,HU_M_hifpif,10.493310866932179,global
HU_F_hihfif,HU_M_hihfif,10.372555571398228,global
HU_F_hihpih,HU_M_hihpih,10.94621112663496,global
HU_F_hikfip,HU_M_hikfip,8.861108163407565,global
HU_F_hikpik,HU_M_hikpik,9.436107979756232,global
HU_F_hipfik,HU_M_hipfik,11.423005803209087,global
HU_F_hipkup,HU_M_hipkup,9.325409623380585,global
HU_F_hufhih,HU_M_hufhih,10.289169641566893,global
HU_F_hufpuf,HU_M_hufpuf,9.93861913939296,global
HU_F_huhfuf,HU_M_huhfuf,11.50259437548899,global
HU_F_huhpuh,HU_M_huhpuh,10.3352899466537,global
HU_F_hukfup,HU_M_hukfup,10.112979368561293,global
HU_F_hukpuk,HU_M_hukpuk,12.106396976346746,global
HU_F_hupfuk,HU_M_hupfuk,10.10805534328904,global
HU_F_hupkip,HU_M_hupkip,9.62284181239294,global
HU_F_kifhuf,HU_M_kifhuf,11.074090257963032,global
HU_F_kifpih,HU_M_kifpih,10.874634649615235,global
HU_F_kihfih,HU_M_kihfih,10.97489565994077,global
HU_F_kihpif,HU_M_kihpif,11.047611186292754,global
HU_F_kikhuk,HU_M_kikhuk,8.950551897800922,global
HU_F_kikpip,HU_M_kikpip,10.209042916281064,global
HU_F_kiphup,HU_M_kiphup,10.31262683062668,global
HU_F_kipkuk,HU_M_kipkuk,11.035280091415961,global
HU_F_kufhif,HU_M_kufhif,11.323734584522716,global
HU_F_kufpuh,HU_M_kufpuh,12.39417259696308,global
HU_F_kuhfuh,HU_M_kuhfuh,14.669275619596585,global
HU_F_kuhpuf,HU_M_kuhpuf,11.23077451228449,global
HU_F_kukhik,HU_M_kukhik,9.023133404359958,global
HU_F_kukpup,HU_M_kukpup,13.402337177894655,global
HU_F_kuphip,HU_M_kuphip,10.707263880186513,global
HU_F_kupkik,HU_M_kupkik,10.044226012204906,global
HU_F_pifhif,HU_M_pifhif,10.11134110717394,global
HU_F_pifkih,HU_M_pifkih,12.28485122434445,global
HU_F_pihfuh,HU_M_pihfuh,11.41324948867868,global
HU_F_pihkif,HU_M_pihkif,10.547477027010673,global
HU_F_pikfuk,HU_M_pikfuk,10.87734881935879,global
HU_F_pikpup,HU_M_pikpup,12.18640911704746,global
HU_F_pipfup,HU_M_pipfup,10.325598559105513,global
HU_F_pipkik,HU_M_pipkik,10.073483183524921,global
HU_F_pufhuf,HU_M_pufhuf,12.823950849124799,global
HU_F_pufkuh,HU_M_pufkuh,10.162495087431633,global
HU_F_puhfih,HU_M_puhfih,12.595548229798002,global
HU_F_puhkuf,HU_M_puhkuf,9.757871510119772,global
HU_F_pukfik,HU_M_pukfik,11.659264646030469,global
HU_F_pukpip,HU_M_pukpip,13.641916446076795,global
HU_F_pupfip,HU_M_pupfip,13.321775773456704,global
HU_F_pupkuk,HU_M_pupkuk,12.831224359256781,global
