S1,S2,distance
EN_F_fifhih,EN_M_fifhih,12.139010175605279
EN_F_fifhih,HI_F_fifhih,10.953129574238787
EN_F_fifhih,HI_M_fifhih,15.300835973258218
EN_F_fifhih,HU_F_fifhih,10.555676202907122
EN_F_fifhih,HU_M_fifhih,12.383034129224342
EN_M_fifhih,HI_F_fifhih,13.132054678764145
EN_M_fifhih,HI_M_fifhih,14.748526088492598
EN_M_fifhih,HU_F_fifhih,13.240634996768927
EN_M_fifhih,HU_M_fifhih,11.329656848454846
HI_F_fifhih,HI_M_fifhih,14.161542463983917
HI_F_fifhih,HU_F_fifhih,10.390858401992976
HI_F_fifhih,HU_M_fifhih,11.837108169794025
HI_M_fifhih,HU_F_fifhih,13.184448224898672
HI_M_fifhih,HU_M_fifhih,13.032756692395102
HU_F_fifhih,HU_M_fifhih,11.095828948844744
EN_F_fifkif,EN_M_fifkif,11.323629968096117
EN_F_fifkif,HI_F_fifkif,10.293391825578656
EN_F_fifkif,HI_M_fifkif,13.503468481164605
EN_F_fifkif,HU_F_fifkif,9.89676117830236
EN_F_fifkif,HU_M_fifkif,10.654398466448836
EN_M_fifkif,HI_F_fifkif,11.938437530938797
EN_M_fifkif,HI_M_fifkif,14.83602214348612
EN_M_fifkif,HU_F_fifkif,12.54412327179342
EN_M_fifkif,HU_M_fifkif,10.254679981507037
HI_F_fifkif,HI_M_fifkif,14.082780237626189
HI_F_fifkif,HU_F_fifkif,12.017965256984553
HI_F_fifkif,HU_M_fifkif,10.017057942372778
HI_M_fifkif,HU_F_fifkif,12.557654733618785
HI_M_fifkif,HU_M_fifkif,13.639412898208702
HU_F_fifkif,HU_M_fifkif,12.056676421521958
EN_F_fihfuf,EN_M_fihfuf,12.536943898234833
EN_F_fihfuf,HI_F_fihfuf,14.82035482426537
EN_F_fihfuf,HI_M_fihfuf,16.084230172950644
EN_F_fihfuf,HU_F_fihfuf,14.075142719781537
EN_F_fihfuf,HU_M_fihfuf,15.227251325960106
EN_M_fihfuf,HI_F_fihfuf,13.444895493555707
EN_M_fihfuf,HI_M_fihfuf,15.93291280712719
EN_M_fihfuf,HU_F_fihfuf,12.59631208325631
EN_M_fihfuf,HU_M_fihfuf,12.454648228958108
HI_F_fihfuf,HI_M_fihfuf,13.495557836070324
HI_F_fihfuf,HU_F_fihfuf,14.325513264023495
HI_F_fihfuf,HU_M_fihfuf,14.270163218516762
HI_M_fihfuf,HU_F_fihfuf,16.000078079294564
HI_M_fihfuf,HU_M_fihfuf,17.322961258314994
HU_F_fihfuf,HU_M_fihfuf,11.431502342358623
EN_F_fihkih,EN_M_fihkih,11.285792369484705
EN_F_fihkih,HI_F_fihkih,11.95866623516528
EN_F_fihkih,HI_M_fihkih,12.639017043739104
EN_F_fihkih,HU_F_fihkih,11.05940025646817
EN_F_fihkih,HU_M_fihkih,11.25480697769382
EN_M_fihkih,HI_F_fihkih,13.298739889173495
EN_M_fihkih,HI_M_fihkih,13.18419887553978
EN_M_fihkih,HU_F_fihkih,13.312833847880082
EN_M_fihkih,HU_M_fihkih,12.139187714459998
HI_F_fihkih,HI_M_fihkih,11.70630523429568
HI_F_fihkih,HU_F_fihkih,9.251090938634347
HI_F_fihkih,HU_M_fihkih,11.853539996526385
HI_M_fihkih,HU_F_fihkih,12.308979731423399
HI_M_fihkih,HU_M_fihkih,12.79237031362362
HU_F_fihkih,HU_M_fihkih,12.095139980544674
EN_F_fikhip,EN_M_fikhip,10.721864377306687
EN_F_fikhip,HI_F_fikhip,10.563657935982409
EN_F_fikhip,HI_M_fikhip,16.19691916985357
EN_F_fikhip,HU_F_fikhip,9.730533333528477
EN_F_fikhip,HU_M_fikhip,11.513420681117505
EN_M_fikhip,HI_F_fikhip,10.596822973922409
EN_M_fikhip,HI_M_fikhip,14.386397709267218
EN_M_fikhip,HU_F_fikhip,10.063073393623714
EN_M_fikhip,HU_M_fikhip,10.276397788026856
HI_F_fikhip,HI_M_fikhip,14.678550712545736
HI_F_fikhip,HU_F_fikhip,9.538913193746243
HI_F_fikhip,HU_M_fikhip,11.212084375758883
HI_M_fikhip,HU_F_fikhip,13.718434558440451
HI_M_fikhip,HU_M_fikhip,14.304514699941318
HU_F_fikhip,HU_M_fikhip,10.08170797783577
EN_F_fikpuk,EN_M_fikpuk,9.61227997911445
EN_F_fikpuk,HI_F_fikpuk,11.359914989096948
EN_F_fikpuk,HI_M_fikpuk,12.75426507996871
EN_F_fikpuk,HU_F_fikpuk,12.115842275865583
EN_F_fikpuk,HU_M_fikpuk,12.87997771767854
EN_M_fikpuk,HI_F_fikpuk,11.750564956017648
EN_M_fikpuk,HI_M_fikpuk,14.837812544664612
EN_M_fikpuk,HU_F_fikpuk,13.462371863917589
EN_M_fikpuk,HU_M_fikpuk,12.329049183805012
HI_F_fikpuk,HI_M_fikpuk,13.302862886242279
HI_F_fikpuk,HU_F_fikpuk,13.647408482938767
HI_F_fikpuk,HU_M_fikpuk,13.431958373515373
HI_M_fikpuk,HU_F_fikpuk,13.512487870151384
HI_M_fikpuk,HU_M_fikpuk,14.060505806650669
HU_F_fikpuk,HU_M_fikpuk,10.297515896455495
EN_F_fiphik,EN_M_fiphik,11.989373612053695
EN_F_fiphik,HI_F_fiphik,10.835037885355238
EN_F_fiphik,HI_M_fiphik,11.154297115189966
EN_F_fiphik,HU_F_fiphik,11.416429820409618
EN_F_fiphik,HU_M_fiphik,10.805455835103631
EN_M_fiphik,HI_F_fiphik,13.892799064365635
EN_M_fiphik,HI_M_fiphik,14.316337050034997
EN_M_fiphik,HU_F_fiphik,12.245273458991074
EN_M_fiphik,HU_M_fiphik,10.719893861588476
HI_F_fiphik,HI_M_fiphik,11.545147957958838
HI_F_fiphik,HU_F_fiphik,12.036325175726288
HI_F_fiphik,HU_M_fiphik,11.050005772974401
HI_M_fiphik,HU_F_fiphik,13.762317846793474
HI_M_fiphik,HU_M_fiphik,11.546620877568932
HU_F_fiphik,HU_M_fiphik,12.121006458439817
EN_F_fipkip,EN_M_fipkip,9.224001117380253
EN_F_fipkip,HI_F_fipkip,10.739706414313686
EN_F_fipkip,HI_M_fipkip,13.705508999572086
EN_F_fipkip,HU_F_fipkip,9.195848103699817
EN_F_fipkip,HU_M_fipkip,10.526126047410724
EN_M_fipkip,HI_F_fipkip,10.168087016911578
EN_M_fipkip,HI_M_fipkip,13.94298795854148
EN_M_fipkip,HU_F_fipkip,9.83931552475646
EN_M_fipkip,HU_M_fipkip,9.625392875519667
HI_F_fipkip,HI_M_fipkip,12.972559389376768
HI_F_fipkip,HU_F_fipkip,11.598446727011137
HI_F_fipkip,HU_M_fipkip,11.31504071306997
HI_M_fipkip,HU_F_fipkip,12.397281778956572
HI_M_fipkip,HU_M_fipkip,13.117795558416105
HU_F_fipkip,HU_M_fipkip,10.655738302736498
EN_F_fufhuh,EN_M_fufhuh,12.05984837394336
EN_F_fufhuh,HI_F_fufhuh,13.916126027222544
EN_F_fufhuh,HI_M_fufhuh,13.618510313941847
EN_F_fufhuh,HU_F_fufhuh,15.01563104528044
EN_F_fufhuh,HU_M_fufhuh,14.263357125420978
EN_M_fufhuh,HI_F_fufhuh,14.503620034394116
EN_M_fufhuh,HI_M_fufhuh,15.85760852352017
EN_M_fufhuh,HU_F_fufhuh,12.366610047391461
EN_M_fufhuh,HU_M_fufhuh,12.423384524778399
HI_F_fufhuh,HI_M_fufhuh,13.192338212564795
HI_F_fufhuh,HU_F_fufhuh,15.287981074447144
HI_F_fufhuh,HU_M_fufhuh,14.751661665606287
HI_M_fufhuh,HU_F_fufhuh,15.820068438657469
HI_M_fufhuh,HU_M_fufhuh,15.75895411428806
HU_F_fufhuh,HU_M_fufhuh,10.911869262347121
EN_F_fufkuf,EN_M_fufkuf,10.892446192362069
EN_F_fufkuf,HI_F_fufkuf,13.504997407075654
EN_F_fufkuf,HI_M_fufkuf,15.440369166228884
EN_F_fufkuf,HU_F_fufkuf,14.90442074129146
EN_F_fufkuf,HU_M_fufkuf,14.811829546354693
EN_M_fufkuf,HI_F_fufkuf,13.562415198173433
EN_M_fufkuf,HI_M_fufkuf,14.896455786304276
EN_M_fufkuf,HU_F_fufkuf,14.236869034892768
EN_M_fufkuf,HU_M_fufkuf,13.106388181935744
HI_F_fufkuf,HI_M_fufkuf,15.409765462697742
HI_F_fufkuf,HU_F_fufkuf,16.265555089605304
HI_F_fufkuf,HU_M_fufkuf,15.695531841928348
HI_M_fufkuf,HU_F_fufkuf,15.26275699690071
HI_M_fufkuf,HU_M_fufkuf,14.797468890573539
HU_F_fufkuf,HU_M_fufkuf,11.907685526299728
EN_F_fuhfif,EN_M_fuhfif,13.6651828424398
EN_F_fuhfif,HI_F_fuhfif,13.734116390017327
EN_F_fuhfif,HI_M_fuhfif,15.14368523491115
EN_F_fuhfif,HU_F_fuhfif,11.190354599598184
EN_F_fuhfif,HU_M_fuhfif,14.269388879620967
EN_M_fuhfif,HI_F_fuhfif,13.134438590852907
EN_M_fuhfif,HI_M_fuhfif,15.163466019364627
EN_M_fuhfif,HU_F_fuhfif,13.185197324480933
EN_M_fuhfif,HU_M_fuhfif,11.858208672680107
HI_F_fuhfif,HI_M_fuhfif,12.520835379204025
HI_F_fuhfif,HU_F_fuhfif,14.076266299568445
HI_F_fuhfif,HU_M_fuhfif,13.58528876881654
HI_M_fuhfif,HU_F_fuhfif,15.136507955509623
HI_M_fuhfif,HU_M_fuhfif,15.552931935928779
HU_F_fuhfif,HU_M_fuhfif,13.31283382857302
EN_F_fuhkuh,EN_M_fuhkuh,14.357649327177453
EN_F_fuhkuh,HI_F_fuhkuh,14.635047871232466
EN_F_fuhkuh,HI_M_fuhkuh,15.916440139391513
EN_F_fuhkuh,HU_F_fuhkuh,14.117298015674537
EN_F_fuhkuh,HU_M_fuhkuh,14.066218567044864
EN_M_fuhkuh,HI_F_fuhkuh,15.935788923019322
EN_M_fuhkuh,HI_M_fuhkuh,16.48311916006919
EN_M_fuhkuh,HU_F_fuhkuh,13.762998195385945
EN_M_fuhkuh,HU_M_fuhkuh,13.639712882836019
HI_F_fuhkuh,HI_M_fuhkuh,10.94661259543521
HI_F_fuhkuh,HU_F_fuhkuh,14.877650885167817
HI_F_fuhkuh,HU_M_fuhkuh,13.932693194869408
HI_M_fuhkuh,HU_F_fuhkuh,15.768658871814164
HI_M_fuhkuh,HU_M_fuhkuh,14.883395054614057
HU_F_fuhkuh,HU_M_fuhkuh,11.897826661951163
EN_F_fukhup,EN_M_fukhup,11.341172979973805
EN_F_fukhup,HI_F_fukhup,13.89419112342907
EN_F_fukhup,HI_M_fukhup,16.053335007990892
EN_F_fukhup,HU_F_fukhup,13.009156412441163
EN_F_fukhup,HU_M_fukhup,13.504644398150745
EN_M_fukhup,HI_F_fukhup,13.476468842167309
EN_M_fukhup,HI_M_fukhup,14.992387026718882
EN_M_fukhup,HU_F_fukhup,13.536696334968658
EN_M_fukhup,HU_M_fukhup,13.318359435256967
HI_F_fukhup,HI_M_fukhup,10.536321559625103
HI_F_fukhup,HU_F_fukhup,14.357315416549834
HI_F_fukhup,HU_M_fukhup,13.222570038045804
HI_M_fukhup,HU_F_fukhup,15.714832428546545
HI_M_fukhup,HU_M_fukhup,14.303285746989161
HU_F_fukhup,HU_M_fukhup,11.484112712108606
EN_F_fukpik,EN_M_fukpik,10.212557643466877
EN_F_fukpik,HI_F_fukpik,12.980122801216254
EN_F_fukpik,HI_M_fukpik,13.264693847632811
EN_F_fukpik,HU_F_fukpik,13.092129605654552
EN_F_fukpik,HU_M_fukpik,12.484493974081431
EN_M_fukpik,HI_F_fukpik,14.631094171007458
EN_M_fukpik,HI_M_fukpik,14.063664123950463
EN_M_fukpik,HU_F_fukpik,13.421499153372796
EN_M_fukpik,HU_M_fukpik,12.624802791348992
HI_F_fukpik,HI_M_fukpik,13.0955385213911
HI_F_fukpik,HU_F_fukpik,13.803397417660102
HI_F_fukpik,HU_M_fukpik,13.881109195363713
HI_M_fukpik,HU_F_fukpik,14.18351586081257
HI_M_fukpik,HU_M_fukpik,12.848961912473099
HU_F_fukpik,HU_M_fukpik,11.48138062121635
EN_F_fuphuk,EN_M_fuphuk,8.779191395872108
EN_F_fuphuk,HI_F_fuphuk,11.949990919213754
EN_F_fuphuk,HI_M_fuphuk,15.194828907706249
EN_F_fuphuk,HU_F_fuphuk,13.046431241393355
EN_F_fuphuk,HU_M_fuphuk,13.581391762491123
EN_M_fuphuk,HI_F_fuphuk,12.218813842496921
EN_M_fuphuk,HI_M_fuphuk,15.246800334931837
EN_M_fuphuk,HU_F_fuphuk,12.695462564707082
EN_M_fuphuk,HU_M_fuphuk,12.33248932960426
HI_F_fuphuk,HI_M_fuphuk,12.251243888894074
HI_F_fuphuk,HU_F_fuphuk,14.903157712303726
HI_F_fuphuk,HU_M_fuphuk,14.331244579685047
HI_M_fuphuk,HU_F_fuphuk,16.121383576909327
HI_M_fuphuk,HU_M_fuphuk,16.06309633940073
HU_F_fuphuk,HU_M_fuphuk,11.1148102705323
EN_F_fupkup,EN_M_fupkup,10.037255942272363
EN_F_fupkup,HI_F_fupkup,14.17295185178799
EN_F_fupkup,HI_M_fupkup,15.894316258241828
EN_F_fupkup,HU_F_fupkup,13.238900746659557
EN_F_fupkup,HU_M_fupkup,14.969480532130536
EN_M_fupkup,HI_F_fupkup,13.71677124295311
EN_M_fupkup,HI_M_fupkup,16.106680878274865
EN_M_fupkup,HU_F_fupkup,13.372399489196729
EN_M_fupkup,HU_M_fupkup,13.852735830148866
HI_F_fupkup,HI_M_fupkup,13.635183553370116
HI_F_fupkup,HU_F_fupkup,15.816152254218894
HI_F_fupkup,HU_M_fupkup,15.542233176715886
HI_M_fupkup,HU_F_fupkup,16.690391292840957
HI_M_fupkup,HU_M_fupkup,16.694379602009985
HU_F_fupkup,HU_M_fupkup,11.722860647365406
EN_F_hifhuh,EN_M_hifhuh,11.18629643810438
EN_F_hifhuh,HI_F_hifhuh,13.287252988657983
EN_F_hifhuh,HI_M_hifhuh,13.863646138928777
EN_F_hifhuh,HU_F_hifhuh,10.874168201220916
EN_F_hifhuh,HU_M_hifhuh,12.67678377715875
EN_M_hifhuh,HI_F_hifhuh,14.137110952573128
EN_M_hifhuh,HI_M_hifhuh,14.686597265081314
EN_M_hifhuh,HU_F_hifhuh,12.431251963886313
EN_M_hifhuh,HU_M_hifhuh,10.881292174759324
HI_F_hifhuh,HI_M_hifhuh,13.043132726178913
HI_F_hifhuh,HU_F_hifhuh,13.352388019789391
HI_F_hifhuh,HU_M_hifhuh,14.177888686327778
HI_M_hifhuh,HU_F_hifhuh,13.654218529345698
HI_M_hifhuh,HU_M_hifhuh,13.521760950970199
HU_F_hifhuh,HU_M_hifhuh,12.946461916376197
EN_F_hifpif,EN_M_hifpif,13.385642612546949
EN_F_hifpif,HI_F_hifpif,13.097507954498894
EN_F_hifpif,HI_M_hifpif,13.69454174341197
EN_F_hifpif,HU_F_hifpif,12.17860503907081
EN_F_hifpif,HU_M_hifpif,13.080364657847435
EN_M_hifpif,HI_F_hifpif,13.852300122907758
EN_M_hifpif,HI_M_hifpif,13.087505589378983
EN_M_hifpif,HU_F_hifpif,12.114579342173007
EN_M_hifpif,HU_M_hifpif,11.674936784908867
HI_F_hifpif,HI_M_hifpif,9.434501538854006
HI_F_hifpif,HU_F_hifpif,9.788444572506037
HI_F_hifpif,HU_M_hifpif,11.558549676113886
HI_M_hifpif,HU_F_hifpif,10.708724240380109
HI_M_hifpif,HU_M_hifpif,10.879598411246583
HU_F_hifpif,HU_M_hifpif,11.195896106152992
EN_F_hihfif,EN_M_hihfif,12.421360086679554
EN_F_hihfif,HI_F_hihfif,14.461902270279543
EN_F_hihfif,HI_M_hihfif,13.62985129906738
EN_F_hihfif,HU_F_hihfif,11.627436689050795
EN_F_hihfif,HU_M_hihfif,12.579875756837305
EN_M_hihfif,HI_F_hihfif,13.484815797797896
EN_M_hihfif,HI_M_hihfif,14.487418679994779
EN_M_hihfif,HU_F_hihfif,13.306224594492184
EN_M_hihfif,HU_M_hihfif,11.307852727969653
HI_F_hihfif,HI_M_hihfif,12.64431783641982
HI_F_hihfif,HU_F_hihfif,10.815699702434811
HI_F_hihfif,HU_M_hihfif,12.787094479679242
HI_M_hihfif,HU_F_hihfif,12.338915418089455
HI_M_hihfif,HU_M_hihfif,11.991712024486496
HU_F_hihfif,HU_M_hihfif,11.190804946077348
EN_F_hihpih,EN_M_hihpih,12.178954734347593
EN_F_hihpih,HI_F_hihpih,11.542825890480032
EN_F_hihpih,HI_M_hihpih,11.534965553305303
EN_F_hihpih,HU_F_hihpih,11.951855778397704
EN_F_hihpih,HU_M_hihpih,14.837800245864209
EN_M_hihpih,HI_F_hihpih,11.52022536433001
EN_M_hihpih,HI_M_hihpih,10.85756892238793
EN_M_hihpih,HU_F_hihpih,12.30390535622003
EN_M_hihpih,HU_M_hihpih,11.387048126460257
HI_F_hihpih,HI_M_hihpih,8.816558982992104
HI_F_hihpih,HU_F_hihpih,9.811363825176345
HI_F_hihpih,HU_M_hihpih,12.07016353015119
HI_M_hihpih,HU_F_hihpih,10.634977840010915
HI_M_hihpih,HU_M_hihpih,11.375325831317461
HU_F_hihpih,HU_M_hihpih,11.555327579006459
EN_F_hikfip,EN_M_hikfip,10.224756733883575
EN_F_hikfip,HI_F_hikfip,11.015362996381018
EN_F_hikfip,HI_M_hikfip,11.104759723938535
EN_F_hikfip,HU_F_hikfip,10.253576033634863
EN_F_hikfip,HU_M_hikfip,10.9032092503547
EN_M_hikfip,HI_F_hikfip,12.522541867283138
EN_M_hikfip,HI_M_hikfip,10.100095559860517
EN_M_hikfip,HU_F_hikfip,10.925743597616279
EN_M_hikfip,HU_M_hikfip,9.813565736765037
HI_F_hikfip,HI_M_hikfip,9.525383821108496
HI_F_hikfip,HU_F_hikfip,10.244496873025504
HI_F_hikfip,HU_M_hikfip,11.848932647883572
HI_M_hikfip,HU_F_hikfip,10.303336283123704
HI_M_hikfip,HU_M_hikfip,10.1685261669315
HU_F_hikfip,HU_M_hikfip,9.52894332282351
EN_F_hikpik,EN_M_hikpik,9.508863401872683
EN_F_hikpik,HI_F_hikpik,12.029836451195084
EN_F_hikpik,HI_M_hikpik,13.67287647809524
EN_F_hikpik,HU_F_hikpik,11.15091185306151
EN_F_hikpik,HU_M_hikpik,12.429719193712709
EN_M_hikpik,HI_F_hikpik,12.508896383867523
EN_M_hikpik,HI_M_hikpik,13.602151361556547
EN_M_hikpik,HU_F_hikpik,11.493364806713164
EN_M_hikpik,HU_M_hikpik,10.594485298721768
HI_F_hikpik,HI_M_hikpik,10.118389003286534
HI_F_hikpik,HU_F_hikpik,8.273999509245117
HI_F_hikpik,HU_M_hikpik,9.752070426238287
HI_M_hikpik,HU_F_hikpik,10.0687491365915
HI_M_hikpik,HU_M_hikpik,10.356573697170136
HU_F_hikpik,HU_M_hikpik,10.086785934354117
EN_F_hipfik,EN_M_hipfik,14.330690699290377
EN_F_hipfik,HI_F_hipfik,14.24160944150974
EN_F_hipfik,HI_M_hipfik,15.200910881069605
EN_F_hipfik,HU_F_hipfik,14.490335687182816
EN_F_hipfik,HU_M_hipfik,14.4418543594587
EN_M_hipfik,HI_F_hipfik,11.666502849601777
EN_M_hipfik,HI_M_hipfik,11.242564498570156
EN_M_hipfik,HU_F_hipfik,13.425747807057705
EN_M_hipfik,HU_M_hipfik,8.963488952653849
HI_F_hipfik,HI_M_hipfik,10.974641694215425
HI_F_hipfik,HU_F_hipfik,11.170527547901127
HI_F_hipfik,HU_M_hipfik,12.106214651864
HI_M_hipfik,HU_F_hipfik,11.705858482917579
HI_M_hipfik,HU_M_hipfik,11.417203018665848
HU_F_hipfik,HU_M_hipfik,12.001647769219426
EN_F_hipkup,EN_M_hipkup,9.822316086046005
EN_F_hipkup,HI_F_hipkup,13.49956349985084
EN_F_hipkup,HI_M_hipkup,14.497079327696408
EN_F_hipkup,HU_F_hipkup,12.662760657468958
EN_F_hipkup,HU_M_hipkup,12.132593065295065
EN_M_hipkup,HI_F_hipkup,14.03177596743379
EN_M_hipkup,HI_M_hipkup,13.523988580079342
EN_M_hipkup,HU_F_hipkup,11.697211765787978
EN_M_hipkup,HU_M_hipkup,10.901306471055216
HI_F_hipkup,HI_M_hipkup,11.917067224381059
HI_F_hipkup,HU_F_hipkup,14.124650592700974
HI_F_hipkup,HU_M_hipkup,13.759677081676006
HI_M_hipkup,HU_F_hipkup,14.570530807867906
HI_M_hipkup,HU_M_hipkup,14.662460210891535
HU_F_hipkup,HU_M_hipkup,9.898470110816406
EN_F_hufhih,EN_M_hufhih,12.90350412341101
EN_F_hufhih,HI_F_hufhih,15.700309004813603
EN_F_hufhih,HI_M_hufhih,15.234634293995965
EN_F_hufhih,HU_F_hufhih,12.966822668750003
EN_F_hufhih,HU_M_hufhih,14.253160864598787
EN_M_hufhih,HI_F_hufhih,14.292992211525506
EN_M_hufhih,HI_M_hufhih,14.981998773456935
EN_M_hufhih,HU_F_hufhih,13.664702360217206
EN_M_hufhih,HU_M_hufhih,13.552585606125136
HI_F_hufhih,HI_M_hufhih,12.723456866926169
HI_F_hufhih,HU_F_hufhih,13.215021498797347
HI_F_hufhih,HU_M_hufhih,14.695389624827067
HI_M_hufhih,HU_F_hufhih,14.319768335938695
HI_M_hufhih,HU_M_hufhih,14.460500613544655
HU_F_hufhih,HU_M_hufhih,11.117354623528396
EN_F_hufpuf,EN_M_hufpuf,12.512839704681745
EN_F_hufpuf,HI_F_hufpuf,14.24948732488013
EN_F_hufpuf,HI_M_hufpuf,16.009945763850435
EN_F_hufpuf,HU_F_hufpuf,15.789903490555016
EN_F_hufpuf,HU_M_hufpuf,15.82963828858612
EN_M_hufpuf,HI_F_hufpuf,13.625900020309967
EN_M_hufpuf,HI_M_hufpuf,14.48582543450647
EN_M_hufpuf,HU_F_hufpuf,13.088138406867877
EN_M_hufpuf,HU_M_hufpuf,13.717507612072085
HI_F_hufpuf,HI_M_hufpuf,11.194252293889194
HI_F_hufpuf,HU_F_hufpuf,15.573433719131444
HI_F_hufpuf,HU_M_hufpuf,15.635693932663411
HI_M_hufpuf,HU_F_hufpuf,14.66584438866582
HI_M_hufpuf,HU_M_hufpuf,14.44119176867664
HU_F_hufpuf,HU_M_hufpuf,10.737726972080235
EN_F_huhfuf,EN_M_huhfuf,12.357368824523826
EN_F_huhfuf,HI_F_huhfuf,16.5014422247459
EN_F_huhfuf,HI_M_huhfuf,15.91315581461479
EN_F_huhfuf,HU_F_huhfuf,16.51092978307031
EN_F_huhfuf,HU_M_huhfuf,15.237483645899276
EN_M_huhfuf,HI_F_huhfuf,15.106218835403386
EN_M_huhfuf,HI_M_huhfuf,15.330657210119917
EN_M_huhfuf,HU_F_huhfuf,14.229127916861374
EN_M_huhfuf,HU_M_huhfuf,12.412329456519778
HI_F_huhfuf,HI_M_huhfuf,10.924775421637644
HI_F_huhfuf,HU_F_huhfuf,15.260257564529653
HI_F_huhfuf,HU_M_huhfuf,15.719089192418057
HI_M_huhfuf,HU_F_huhfuf,15.750314648082098
HI_M_huhfuf,HU_M_huhfuf,15.732792349236304
HU_F_huhfuf,HU_M_huhfuf,12.313688009911521
EN_F_huhpuh,EN_M_huhpuh,10.961897987843418
EN_F_huhpuh,HI_F_huhpuh,13.913262632769687
EN_F_huhpuh,HI_M_huhpuh,12.27482389247182
EN_F_huhpuh,HU_F_huhpuh,13.069540278745452
EN_F_huhpuh,HU_M_huhpuh,13.739302442001673
EN_M_huhpuh,HI_F_huhpuh,15.3128187516088
EN_M_huhpuh,HI_M_huhpuh,13.638115962160844
EN_M_huhpuh,HU_F_huhpuh,12.346638260007815
EN_M_huhpuh,HU_M_huhpuh,11.28637703937545
HI_F_huhpuh,HI_M_huhpuh,12.98547227476207
HI_F_huhpuh,HU_F_huhpuh,14.779525871642965
HI_F_huhpuh,HU_M_huhpuh,14.365416287986365
HI_M_huhpuh,HU_F_huhpuh,14.324616337390665
HI_M_huhpuh,HU_M_huhpuh,14.690244511201893
HU_F_huhpuh,HU_M_huhpuh,11.331166604252651
EN_F_hukfup,EN_M_hukfup,10.770727679954174
EN_F_hukfup,HI_F_hukfup,13.24229038030751
EN_F_hukfup,HI_M_hukfup,13.752077598486817
EN_F_hukfup,HU_F_hukfup,14.181100159016774
EN_F_hukfup,HU_M_hukfup,14.091528231483618
EN_M_hukfup,HI_F_hukfup,15.683306929454057
EN_M_hukfup,HI_M_hukfup,14.567881783827959
EN_M_hukfup,HU_F_hukfup,13.562332199913126
EN_M_hukfup,HU_M_hukfup,13.025099897843708
HI_F_hukfup,HI_M_hukfup,10.691295380095719
HI_F_hukfup,HU_F_hukfup,16.017478737521397
HI_F_hukfup,HU_M_hukfup,15.92170918659084
HI_M_hukfup,HU_F_hukfup,16.154923282890778
HI_M_hukfup,HU_M_hukfup,16.102142760888253
HU_F_hukfup,HU_M_hukfup,10.809396702802298
EN_F_hukpuk,EN_M_hukpuk,11.052685305551801
EN_F_hukpuk,HI_F_hukpuk,13.880536624958696
EN_F_hukpuk,HI_M_hukpuk,14.921791570657106
EN_F_hukpuk,HU_F_hukpuk,14.984679140054473
EN_F_hukpuk,HU_M_hukpuk,14.246969898694164
EN_M_hukpuk,HI_F_hukpuk,14.678853740612228
EN_M_hukpuk,HI_M_hukpuk,14.424078422011437
EN_M_hukpuk,HU_F_hukpuk,14.190950577875906
EN_M_hukpuk,HU_M_hukpuk,12.584937874345064
HI_F_hukpuk,HI_M_hukpuk,12.696171958754164
HI_F_hukpuk,HU_F_hukpuk,15.297456094101959
HI_F_hukpuk,HU_M_hukpuk,14.938480915140097
HI_M_hukpuk,HU_F_hukpuk,15.249821903525884
HI_M_hukpuk,HU_M_hukpuk,15.626088703182557
HU_F_hukpuk,HU_M_hukpuk,12.86249607204882
EN_F_hupfuk,EN_M_hupfuk,12.29180687115346
EN_F_hupfuk,HI_F_hupfuk,13.298171467611324
EN_F_hupfuk,HI_M_hupfuk,14.12353391775631
EN_F_hupfuk,HU_F_hupfuk,14.702638472323796
EN_F_hupfuk,HU_M_hupfuk,16.281499069285765
EN_M_hupfuk,HI_F_hupfuk,13.125754333951019
EN_M_hupfuk,HI_M_hupfuk,13.349258360457608
EN_M_hupfuk,HU_F_hupfuk,13.029642036988237
EN_M_hupfuk,HU_M_hupfuk,13.65077388138356
HI_F_hupfuk,HI_M_hupfuk,11.567734704999314
HI_F_hupfuk,HU_F_hupfuk,15.972516429044049
HI_F_hupfuk,HU_M_hupfuk,17.4044929948212
HI_M_hupfuk,HU_F_hupfuk,14.7049294783934
HI_M_hupfuk,HU_M_hupfuk,16.358775358676855
HU_F_hupfuk,HU_M_hupfuk,10.772425728254058
EN_F_hupkip,EN_M_hupkip,8.44659500065253
EN_F_hupkip,HI_F_hupkip,11.022341058141853
EN_F_hupkip,HI_M_hupkip,12.595156426062799
EN_F_hupkip,HU_F_hupkip,9.731919045607667
EN_F_hupkip,HU_M_hupkip,10.817593237776128
EN_M_hupkip,HI_F_hupkip,11.377381278695264
EN_M_hupkip,HI_M_hupkip,12.330530938868836
EN_M_hupkip,HU_F_hupkip,9.48006793395494
EN_M_hupkip,HU_M_hupkip,10.22024280906597
HI_F_hupkip,HI_M_hupkip,11.45790548255108
HI_F_hupkip,HU_F_hupkip,11.961086211070151
HI_F_hupkip,HU_M_hupkip,12.708788513277796
HI_M_hupkip,HU_F_hupkip,13.061667952094195
HI_M_hupkip,HU_M_hupkip,12.173423567677927
HU_F_hupkip,HU_M_hupkip,10.318605757585049
EN_F_kifhuf,EN_M_kifhuf,11.161956601074603
EN_F_kifhuf,HI_F_kifhuf,11.901286787093296
EN_F_kifhuf,HI_M_kifhuf,14.84491509620631
EN_F_kifhuf,HU_F_kifhuf,11.88066558053921
EN_F_kifhuf,HU_M_kifhuf,12.358627383890598
EN_M_kifhuf,HI_F_kifhuf,12.355750364585836
EN_M_kifhuf,HI_M_kifhuf,16.008513010830438
EN_M_kifhuf,HU_F_kifhuf,11.9300632678017
EN_M_kifhuf,HU_M_kifhuf,11.767273857079733
HI_F_kifhuf,HI_M_kifhuf,13.640458933449915
HI_F_kifhuf,HU_F_kifhuf,13.016404646712338
HI_F_kifhuf,HU_M_kifhuf,13.759499295221785
HI_M_kifhuf,HU_F_kifhuf,16.483618733854225
HI_M_kifhuf,HU_M_kifhuf,16.081406992557394
HU_F_kifhuf,HU_M_kifhuf,11.955547358370218
EN_F_kifpih,EN_M_kifpih,10.366956451721487
EN_F_kifpih,HI_F_kifpih,14.261035322662144
EN_F_kifpih,HI_M_kifpih,12.622872776174844
EN_F_kifpih,HU_F_kifpih,12.990958392451704
EN_F_kifpih,HU_M_kifpih,12.858373596860416
EN_M_kifpih,HI_F_kifpih,13.955253587097934
EN_M_kifpih,HI_M_kifpih,12.926388274933194
EN_M_kifpih,HU_F_kifpih,11.426204633636225
EN_M_kifpih,HU_M_kifpih,10.120460339712425
HI_F_kifpih,HI_M_kifpih,13.623039708912321
HI_F_kifpih,HU_F_kifpih,10.447694113509577
HI_F_kifpih,HU_M_kifpih,14.30842671016859
HI_M_kifpih,HU_F_kifpih,12.79494014662126
HI_M_kifpih,HU_M_kifpih,10.42177168127218
HU_F_kifpih,HU_M_kifpih,11.524180676381654
EN_F_kihfih,EN_M_kihfih,11.430381014415769
EN_F_kihfih,HI_F_kihfih,13.91204451436898
EN_F_kihfih,HI_M_kihfih,14.273432516034761
EN_F_kihfih,HU_F_kihfih,13.706469938909551
EN_F_kihfih,HU_M_kihfih,13.772037371891471
EN_M_kihfih,HI_F_kihfih,10.546440891502652
EN_M_kihfih,HI_M_kihfih,12.266952794893752
EN_M_kihfih,HU_F_kihfih,10.68450398166388
EN_M_kihfih,HU_M_kihfih,10.225043571333002
HI_F_kihfih,HI_M_kihfih,12.13214950386774
HI_F_kihfih,HU_F_kihfih,10.874124241557867
HI_F_kihfih,HU_M_kihfih,11.839628256496699
HI_M_kihfih,HU_F_kihfih,12.669491785738723
HI_M_kihfih,HU_M_kihfih,13.21556284664384
HU_F_kihfih,HU_M_kihfih,11.526239649025408
EN_F_kihpif,EN_M_kihpif,9.922165441041324
EN_F_kihpif,HI_F_kihpif,14.231593981191455
EN_F_kihpif,HI_M_kihpif,10.782492352326427
EN_F_kihpif,HU_F_kihpif,13.192829781614446
EN_F_kihpif,HU_M_kihpif,11.92226935532188
EN_M_kihpif,HI_F_kihpif,14.673601630139206
EN_M_kihpif,HI_M_kihpif,12.094589337768351
EN_M_kihpif,HU_F_kihpif,14.70448050802231
EN_M_kihpif,HU_M_kihpif,11.591242389888071
HI_F_kihpif,HI_M_kihpif,12.575284170153477
HI_F_kihpif,HU_F_kihpif,10.776885440392276
HI_F_kihpif,HU_M_kihpif,12.355759008986093
HI_M_kihpif,HU_F_kihpif,12.090649048900971
HI_M_kihpif,HU_M_kihpif,10.846127562748862
HU_F_kihpif,HU_M_kihpif,11.745575126630007
EN_F_kikhuk,EN_M_kikhuk,8.025746254482188
EN_F_kikhuk,HI_F_kikhuk,12.514517803360166
EN_F_kikhuk,HI_M_kikhuk,13.05049733566007
EN_F_kikhuk,HU_F_kikhuk,10.225763407592122
EN_F_kikhuk,HU_M_kikhuk,12.19237793547787
EN_M_kikhuk,HI_F_kikhuk,12.185491070981382
EN_M_kikhuk,HI_M_kikhuk,13.133333344586022
EN_M_kikhuk,HU_F_kikhuk,9.60558965041984
EN_M_kikhuk,HU_M_kikhuk,10.445211878345198
HI_F_kikhuk,HI_M_kikhuk,11.6443941039559
HI_F_kikhuk,HU_F_kikhuk,12.00645235252552
HI_F_kikhuk,HU_M_kikhuk,13.7884852952297
HI_M_kikhuk,HU_F_kikhuk,13.03474054296615
HI_M_kikhuk,HU_M_kikhuk,13.750784356372094
HU_F_kikhuk,HU_M_kikhuk,9.66929457338084
EN_F_kikpip,EN_M_kikpip,12.72165414742521
EN_F_kikpip,HI_F_kikpip,12.211777525517329
EN_F_kikpip,HI_M_kikpip,13.690354174855527
EN_F_kikpip,HU_F_kikpip,12.407236261917852
EN_F_kikpip,HU_M_kikpip,12.919311102714012
EN_M_kikpip,HI_F_kikpip,12.462402522444709
EN_M_kikpip,HI_M_kikpip,13.53931934707712
EN_M_kikpip,HU_F_kikpip,11.537528583589129
EN_M_kikpip,HU_M_kikpip,10.539280734166972
HI_F_kikpip,HI_M_kikpip,12.040659037892164
HI_F_kikpip,HU_F_kikpip,11.32000633187811
HI_F_kikpip,HU_M_kikpip,11.629711880091078
HI_M_kikpip,HU_F_kikpip,12.608953045417381
HI_M_kikpip,HU_M_kikpip,11.671072807890885
HU_F_kikpip,HU_M_kikpip,10.881643862657867
EN_F_kiphup,EN_M_kiphup,14.177749596848502
EN_F_kiphup,HI_F_kiphup,15.571552490690998
EN_F_kiphup,HI_M_kiphup,16.053802344136933
EN_F_kiphup,HU_F_kiphup,15.947895417249098
EN_F_kiphup,HU_M_kiphup,15.768147639271413
EN_M_kiphup,HI_F_kiphup,11.95086600656549
EN_M_kiphup,HI_M_kiphup,13.179348189092186
EN_M_kiphup,HU_F_kiphup,9.990486221462678
EN_M_kiphup,HU_M_kiphup,11.450302512479833
HI_F_kiphup,HI_M_kiphup,10.717279418040192
HI_F_kiphup,HU_F_kiphup,12.596418106054418
HI_F_kiphup,HU_M_kiphup,12.792932777368069
HI_M_kiphup,HU_F_kiphup,14.105264264437304
HI_M_kiphup,HU_M_kiphup,13.672075458215708
HU_F_kiphup,HU_M_kiphup,10.87413042350678
EN_F_kipkuk,EN_M_kipkuk,11.332486906263439
EN_F_kipkuk,HI_F_kipkuk,11.909850055597012
EN_F_kipkuk,HI_M_kipkuk,12.08068750638973
EN_F_kipkuk,HU_F_kipkuk,14.757114177930474
EN_F_kipkuk,HU_M_kipkuk,15.056952891399352
EN_M_kipkuk,HI_F_kipkuk,13.339384466933753
EN_M_kipkuk,HI_M_kipkuk,14.05443505420688
EN_M_kipkuk,HU_F_kipkuk,11.612607320297975
EN_M_kipkuk,HU_M_kipkuk,11.438182862402861
HI_F_kipkuk,HI_M_kipkuk,11.211293223278682
HI_F_kipkuk,HU_F_kipkuk,14.395125118017262
HI_F_kipkuk,HU_M_kipkuk,14.570148283754948
HI_M_kipkuk,HU_F_kipkuk,15.176950766775413
HI_M_kipkuk,HU_M_kipkuk,15.238014361453196
HU_F_kipkuk,HU_M_kipkuk,11.729405643526274
EN_F_kufhif,EN_M_kufhif,12.275929198104649
EN_F_kufhif,HI_F_kufhif,14.773284369102823
EN_F_kufhif,HI_M_kufhif,14.560007620663148
EN_F_kufhif,HU_F_kufhif,12.957773504462468
EN_F_kufhif,HU_M_kufhif,13.343735745086562
EN_M_kufhif,HI_F_kufhif,16.10906315252977
EN_M_kufhif,HI_M_kufhif,15.228697956913377
EN_M_kufhif,HU_F_kufhif,14.402524271976908
EN_M_kufhif,HU_M_kufhif,13.146920220735955
HI_F_kufhif,HI_M_kufhif,14.02060467189961
HI_F_kufhif,HU_F_kufhif,13.306383975928584
HI_F_kufhif,HU_M_kufhif,14.71652477195259
HI_M_kufhif,HU_F_kufhif,15.174135488655327
HI_M_kufhif,HU_M_kufhif,13.032723954633626
HU_F_kufhif,HU_M_kufhif,11.95682693699336
EN_F_kufpuh,EN_M_kufpuh,10.370673014212581
EN_F_kufpuh,HI_F_kufpuh,12.175271248138001
EN_F_kufpuh,HI_M_kufpuh,14.363819490694445
EN_F_kufpuh,HU_F_kufpuh,15.969403484774475
EN_F_kufpuh,HU_M_kufpuh,16.399083029148077
EN_M_kufpuh,HI_F_kufpuh,13.848984054316368
EN_M_kufpuh,HI_M_kufpuh,16.428102874095494
EN_M_kufpuh,HU_F_kufpuh,15.510360469679963
EN_M_kufpuh,HU_M_kufpuh,15.15332484944207
HI_F_kufpuh,HI_M_kufpuh,12.0095889787325
HI_F_kufpuh,HU_F_kufpuh,15.006374235547328
HI_F_kufpuh,HU_M_kufpuh,14.97248280421482
HI_M_kufpuh,HU_F_kufpuh,16.008961004531105
HI_M_kufpuh,HU_M_kufpuh,16.5804174372854
HU_F_kufpuh,HU_M_kufpuh,13.139154221590616
EN_F_kuhfuh,EN_M_kuhfuh,12.48354366045359
EN_F_kuhfuh,HI_F_kuhfuh,14.390151273541507
EN_F_kuhfuh,HI_M_kuhfuh,15.891175906350083
EN_F_kuhfuh,HU_F_kuhfuh,15.195864119297864
EN_F_kuhfuh,HU_M_kuhfuh,16.095784245687426
EN_M_kuhfuh,HI_F_kuhfuh,15.975012748740973
EN_M_kuhfuh,HI_M_kuhfuh,18.03990374424652
EN_M_kuhfuh,HU_F_kuhfuh,14.36430021292006
EN_M_kuhfuh,HU_M_kuhfuh,14.544212252680332
HI_F_kuhfuh,HI_M_kuhfuh,14.56242827111705
HI_F_kuhfuh,HU_F_kuhfuh,15.871045621664319
HI_F_kuhfuh,HU_M_kuhfuh,15.441335576754739
HI_M_kuhfuh,HU_F_kuhfuh,17.49374163856121
HI_M_kuhfuh,HU_M_kuhfuh,18.413128553123947
HU_F_kuhfuh,HU_M_kuhfuh,15.212257492188888
EN_F_kuhpuf,EN_M_kuhpuf,12.238911297348997
EN_F_kuhpuf,HI_F_kuhpuf,14.055132291643153
EN_F_kuhpuf,HI_M_kuhpuf,15.060336743101278
EN_F_kuhpuf,HU_F_kuhpuf,15.546563649489256
EN_F_kuhpuf,HU_M_kuhpuf,14.23740982434112
EN_M_kuhpuf,HI_F_kuhpuf,15.73924531754779
EN_M_kuhpuf,HI_M_kuhpuf,15.576091563827777
EN_M_kuhpuf,HU_F_kuhpuf,15.276178614446259
EN_M_kuhpuf,HU_M_kuhpuf,14.713921001450275
HI_F_kuhpuf,HI_M_kuhpuf,10.675908720395942
HI_F_kuhpuf,HU_F_kuhpuf,15.629831510303688
HI_F_kuhpuf,HU_M_kuhpuf,14.230023038558572
HI_M_kuhpuf,HU_F_kuhpuf,15.613821129343236
HI_M_kuhpuf,HU_M_kuhpuf,15.765395596526167
HU_F_kuhpuf,HU_M_kuhpuf,11.916061762555351
EN_F_kukhik,EN_M_kukhik,10.832569134829894
EN_F_kukhik,HI_F_kukhik,12.364701161267424
EN_F_kukhik,HI_M_kukhik,13.328833219356149
EN_F_kukhik,HU_F_kukhik,13.287959762415692
EN_F_kukhik,HU_M_kukhik,13.857772686354181
EN_M_kukhik,HI_F_kukhik,13.736231933694585
EN_M_kukhik,HI_M_kukhik,14.472502536763077
EN_M_kukhik,HU_F_kukhik,13.713379716563683
EN_M_kukhik,HU_M_kukhik,12.219624920335205
HI_F_kukhik,HI_M_kukhik,10.800271708293506
HI_F_kukhik,HU_F_kukhik,12.507410500538903
HI_F_kukhik,HU_M_kukhik,13.22218085047165
HI_M_kukhik,HU_F_kukhik,15.180788274018312
HI_M_kukhik,HU_M_kukhik,14.696486241561795
HU_F_kukhik,HU_M_kukhik,9.73852873132789
EN_F_kukpup,EN_M_kukpup,11.682676154535093
EN_F_kukpup,HI_F_kukpup,15.845726013380126
EN_F_kukpup,HI_M_kukpup,16.562896828846643
EN_F_kukpup,HU_F_kukpup,16.425020030492604
EN_F_kukpup,HU_M_kukpup,17.129253698155846
EN_M_kukpup,HI_F_kukpup,14.093790629165543
EN_M_kukpup,HI_M_kukpup,16.115845259331795
EN_M_kukpup,HU_F_kukpup,15.490375036165078
EN_M_kukpup,HU_M_kukpup,15.823941239272104
HI_F_kukpup,HI_M_kukpup,14.116531944828175
HI_F_kukpup,HU_F_kukpup,16.635949762257678
HI_F_kukpup,HU_M_kukpup,17.088069116999215
HI_M_kukpup,HU_F_kukpup,16.918162742355523
HI_M_kukpup,HU_M_kukpup,16.624824404433326
HU_F_kukpup,HU_M_kukpup,14.037699230002474
EN_F_kuphip,EN_M_kuphip,10.657330681749015
EN_F_kuphip,HI_F_kuphip,12.927937221503417
EN_F_kuphip,HI_M_kuphip,14.26933772933573
EN_F_kuphip,HU_F_kuphip,10.123329964104567
EN_F_kuphip,HU_M_kuphip,13.123486761201178
EN_M_kuphip,HI_F_kuphip,12.895235509631267
EN_M_kuphip,HI_M_kuphip,14.666166731292881
EN_M_kuphip,HU_F_kuphip,10.14903945991817
EN_M_kuphip,HU_M_kuphip,10.981874470270075
HI_F_kuphip,HI_M_kuphip,13.353085233989843
HI_F_kuphip,HU_F_kuphip,12.007993488805132
HI_F_kuphip,HU_M_kuphip,13.599061669508904
HI_M_kuphip,HU_F_kuphip,14.521339499390628
HI_M_kuphip,HU_M_kuphip,14.402863134782516
HU_F_kuphip,HU_M_kuphip,11.229912054816921
EN_F_kupkik,EN_M_kupkik,11.33302247054681
EN_F_kupkik,HI_F_kupkik,12.770971384492505
EN_F_kupkik,HI_M_kupkik,13.852695552717078
EN_F_kupkik,HU_F_kupkik,11.48229054232516
EN_F_kupkik,HU_M_kupkik,12.850821134732053
EN_M_kupkik,HI_F_kupkik,14.32985995638739
EN_M_kupkik,HI_M_kupkik,15.229615779277024
EN_M_kupkik,HU_F_kupkik,12.593782472038987
EN_M_kupkik,HU_M_kupkik,12.42070000856192
HI_F_kupkik,HI_M_kupkik,11.322086213189577
HI_F_kupkik,HU_F_kupkik,11.976973548587502
HI_F_kupkik,HU_M_kupkik,13.092084841930479
HI_M_kupkik,HU_F_kupkik,13.093780694938472
HI_M_kupkik,HU_M_kupkik,13.484868154315526
HU_F_kupkik,HU_M_kupkik,10.684848346268316
EN_F_pifhif,EN_M_pifhif,11.234819639091288
EN_F_pifhif,HI_F_pifhif,12.658536747750086
EN_F_pifhif,HI_M_pifhif,13.102110359388723
EN_F_pifhif,HU_F_pifhif,10.801769925085623
EN_F_pifhif,HU_M_pifhif,12.892094374865195
EN_M_pifhif,HI_F_pifhif,14.113365643049024
EN_M_pifhif,HI_M_pifhif,14.029612979956768
EN_M_pifhif,HU_F_pifhif,12.933430054553053
EN_M_pifhif,HU_M_pifhif,12.375529962777302
HI_F_pifhif,HI_M_pifhif,12.1447020809692
HI_F_pifhif,HU_F_pifhif,12.149729149357146
HI_F_pifhif,HU_M_pifhif,11.537398813949826
HI_M_pifhif,HU_F_pifhif,11.732087284101075
HI_M_pifhif,HU_M_pifhif,9.925609303488853
HU_F_pifhif,HU_M_pifhif,10.930620143981976
EN_F_pifkih,EN_M_pifkih,9.507097933711218
EN_F_pifkih,HI_F_pifkih,14.18162573480109
EN_F_pifkih,HI_M_pifkih,13.203758728477425
EN_F_pifkih,HU_F_pifkih,13.582301172362998
EN_F_pifkih,HU_M_pifkih,13.23063112583264
EN_M_pifkih,HI_F_pifkih,14.421840878261376
EN_M_pifkih,HI_M_pifkih,14.533673452204434
EN_M_pifkih,HU_F_pifkih,14.668908436163894
EN_M_pifkih,HU_M_pifkih,12.28451917655177
HI_F_pifkih,HI_M_pifkih,10.659112538933798
HI_F_pifkih,HU_F_pifkih,10.220906809793899
HI_F_pifkih,HU_M_pifkih,12.249968767397117
HI_M_pifkih,HU_F_pifkih,12.598058168044536
HI_M_pifkih,HU_M_pifkih,12.278008170316243
HU_F_pifkih,HU_M_pifkih,12.776101152855842
EN_F_pihfuh,EN_M_pihfuh,10.567271593809274
EN_F_pihfuh,HI_F_pihfuh,15.732624434895587
EN_F_pihfuh,HI_M_pihfuh,15.03535072742082
EN_F_pihfuh,HU_F_pihfuh,12.127720474625342
EN_F_pihfuh,HU_M_pihfuh,13.515954139517932
EN_M_pihfuh,HI_F_pihfuh,15.744609749593417
EN_M_pihfuh,HI_M_pihfuh,15.732549084250444
EN_M_pihfuh,HU_F_pihfuh,12.313918327853356
EN_M_pihfuh,HU_M_pihfuh,13.791411648042736
HI_F_pihfuh,HI_M_pihfuh,13.447570932988299
HI_F_pihfuh,HU_F_pihfuh,15.252440629416997
HI_F_pihfuh,HU_M_pihfuh,15.545301979191443
HI_M_pihfuh,HU_F_pihfuh,15.555110780070114
HI_M_pihfuh,HU_M_pihfuh,17.008615627086435
HU_F_pihfuh,HU_M_pihfuh,12.125165351924903
EN_F_pihkif,EN_M_pihkif,11.93336157813766
EN_F_pihkif,HI_F_pihkif,11.699548402475772
EN_F_pihkif,HI_M_pihkif,11.714765856413779
EN_F_pihkif,HU_F_pihkif,11.683191254026775
EN_F_pihkif,HU_M_pihkif,12.674274327371371
EN_M_pihkif,HI_F_pihkif,13.865435170963483
EN_M_pihkif,HI_M_pihkif,13.343656593050383
EN_M_pihkif,HU_F_pihkif,12.812310804436393
EN_M_pihkif,HU_M_pihkif,13.016296488758432
HI_F_pihkif,HI_M_pihkif,10.159019597510884
HI_F_pihkif,HU_F_pihkif,10.017291048711519
HI_F_pihkif,HU_M_pihkif,11.706199088330582
HI_M_pihkif,HU_F_pihkif,10.632300460556435
HI_M_pihkif,HU_M_pihkif,11.50635646441442
HU_F_pihkif,HU_M_pihkif,11.279991364420686
EN_F_pikfuk,EN_M_pikfuk,9.682419154621561
EN_F_pikfuk,HI_F_pikfuk,13.009664576256764
EN_F_pikfuk,HI_M_pikfuk,13.343450424479242
EN_F_pikfuk,HU_F_pikfuk,13.985008317653774
EN_F_pikfuk,HU_M_pikfuk,14.082627144221107
EN_M_pikfuk,HI_F_pikfuk,12.977385191964073
EN_M_pikfuk,HI_M_pikfuk,14.426735339242093
EN_M_pikfuk,HU_F_pikfuk,13.687862460204881
EN_M_pikfuk,HU_M_pikfuk,12.223310280783426
HI_F_pikfuk,HI_M_pikfuk,12.647405480992125
HI_F_pikfuk,HU_F_pikfuk,14.168795734290011
HI_F_pikfuk,HU_M_pikfuk,14.267854765736773
HI_M_pikfuk,HU_F_pikfuk,15.581235352435417
HI_M_pikfuk,HU_M_pikfuk,15.649838742704896
HU_F_pikfuk,HU_M_pikfuk,11.44840776987419
EN_F_pikpup,EN_M_pikpup,12.309317591328602
EN_F_pikpup,HI_F_pikpup,14.587564351421843
EN_F_pikpup,HI_M_pikpup,15.489218015985992
EN_F_pikpup,HU_F_pikpup,14.164114611149893
EN_F_pikpup,HU_M_pikpup,15.449175604027753
EN_M_pikpup,HI_F_pikpup,13.807718037828808
EN_M_pikpup,HI_M_pikpup,13.412201885920318
EN_M_pikpup,HU_F_pikpup,15.879508553370801
EN_M_pikpup,HU_M_pikpup,14.522302703372462
HI_F_pikpup,HI_M_pikpup,10.351625772158023
HI_F_pikpup,HU_F_pikpup,14.807652700724043
HI_F_pikpup,HU_M_pikpup,13.980651820359911
HI_M_pikpup,HU_F_pikpup,15.648255797972885
HI_M_pikpup,HU_M_pikpup,13.625086484933655
HU_F_pikpup,HU_M_pikpup,13.03758654318608
EN_F_pipfup,EN_M_pipfup,12.826795409636741
EN_F_pipfup,HI_F_pipfup,15.019611420468204
EN_F_pipfup,HI_M_pipfup,17.169684415786815
EN_F_pipfup,HU_F_pipfup,15.035876862026472
EN_F_pipfup,HU_M_pipfup,15.524211556174066
EN_M_pipfup,HI_F_pipfup,13.151783913388666
EN_M_pipfup,HI_M_pipfup,15.698839926721304
EN_M_pipfup,HU_F_pipfup,13.861075909498881
EN_M_pipfup,HU_M_pipfup,12.648667885222336
HI_F_pipfup,HI_M_pipfup,12.165373344322182
HI_F_pipfup,HU_F_pipfup,14.916812886686042
HI_F_pipfup,HU_M_pipfup,13.751482293930914
HI_M_pipfup,HU_F_pipfup,16.347761611112148
HI_M_pipfup,HU_M_pipfup,15.316953699205387
HU_F_pipfup,HU_M_pipfup,10.912856657911153
EN_F_pipkik,EN_M_pipkik,10.469649320005395
EN_F_pipkik,HI_F_pipkik,13.607182530108636
EN_F_pipkik,HI_M_pipkik,13.066659597143481
EN_F_pipkik,HU_F_pipkik,8.424980388193395
EN_F_pipkik,HU_M_pipkik,12.803360273717095
EN_M_pipkik,HI_F_pipkik,13.666035164155609
EN_M_pipkik,HI_M_pipkik,12.908581170586956
EN_M_pipkik,HU_F_pipkik,11.338564899417769
EN_M_pipkik,HU_M_pipkik,12.433516637950706
HI_F_pipkik,HI_M_pipkik,11.067191899623182
HI_F_pipkik,HU_F_pipkik,12.408328243786723
HI_F_pipkik,HU_M_pipkik,12.940140961030336
HI_M_pipkik,HU_F_pipkik,12.080527314185677
HI_M_pipkik,HU_M_pipkik,12.100879761401133
HU_F_pipkik,HU_M_pipkik,10.732566936043108
EN_F_pufhuf,EN_M_pufhuf,12.445179179637803
EN_F_pufhuf,HI_F_pufhuf,16.105834520982086
EN_F_pufhuf,HI_M_pufhuf,16.622484822880402
EN_F_pufhuf,HU_F_pufhuf,14.399064606074147
EN_F_pufhuf,HU_M_pufhuf,14.544020404191231
EN_M_pufhuf,HI_F_pufhuf,14.79613571422705
EN_M_pufhuf,HI_M_pufhuf,17.20619633061282
EN_M_pufhuf,HU_F_pufhuf,12.797146320434313
EN_M_pufhuf,HU_M_pufhuf,15.246272246028814
HI_F_pufhuf,HI_M_pufhuf,14.005764112954328
HI_F_pufhuf,HU_F_pufhuf,16.00954289028081
HI_F_pufhuf,HU_M_pufhuf,16.74367332820034
HI_M_pufhuf,HU_F_pufhuf,17.632334803253837
HI_M_pufhuf,HU_M_pufhuf,17.945292145979966
HU_F_pufhuf,HU_M_pufhuf,13.624437077058117
EN_F_pufkuh,EN_M_pufkuh,10.768828787477794
EN_F_pufkuh,HI_F_pufkuh,15.099807849901092
EN_F_pufkuh,HI_M_pufkuh,14.873371919740483
EN_F_pufkuh,HU_F_pufkuh,13.216728106031809
EN_F_pufkuh,HU_M_pufkuh,15.898021399529544
EN_M_pufkuh,HI_F_pufkuh,16.80687954997912
EN_M_pufkuh,HI_M_pufkuh,15.432023491461823
EN_M_pufkuh,HU_F_pufkuh,12.72442978109512
EN_M_pufkuh,HU_M_pufkuh,13.637681065023386
HI_F_pufkuh,HI_M_pufkuh,12.698525719378722
HI_F_pufkuh,HU_F_pufkuh,16.212852594197162
HI_F_pufkuh,HU_M_pufkuh,17.11532016140503
HI_M_pufkuh,HU_F_pufkuh,15.529432614107957
HI_M_pufkuh,HU_M_pufkuh,16.15578210004036
HU_F_pufkuh,HU_M_pufkuh,11.07539577282094
EN_F_puhfih,EN_M_puhfih,11.99020958663326
EN_F_puhfih,HI_F_puhfih,14.865009454062363
EN_F_puhfih,HI_M_puhfih,14.775900694572044
EN_F_puhfih,HU_F_puhfih,14.5928196864198
EN_F_puhfih,HU_M_puhfih,15.120084739658408
EN_M_puhfih,HI_F_puhfih,14.634010686104695
EN_M_puhfih,HI_M_puhfih,15.543955559222695
EN_M_puhfih,HU_F_puhfih,14.630958356341148
EN_M_puhfih,HU_M_puhfih,13.700412936512794
HI_F_puhfih,HI_M_puhfih,10.338683670149637
HI_F_puhfih,HU_F_puhfih,12.431915915373363
HI_F_puhfih,HU_M_puhfih,13.148949101187394
HI_M_puhfih,HU_F_puhfih,14.496553295203439
HI_M_puhfih,HU_M_puhfih,13.901464088927982
HU_F_puhfih,HU_M_puhfih,13.225868214425967
EN_F_puhkuf,EN_M_puhkuf,12.374211845217323
EN_F_puhkuf,HI_F_puhkuf,13.576407705871691
EN_F_puhkuf,HI_M_puhkuf,14.642752925460087
EN_F_puhkuf,HU_F_puhkuf,15.30828695806708
EN_F_puhkuf,HU_M_puhkuf,14.392836393692289
EN_M_puhkuf,HI_F_puhkuf,14.936978160076295
EN_M_puhkuf,HI_M_puhkuf,15.78546951638366
EN_M_puhkuf,HU_F_puhkuf,14.711018043763893
EN_M_puhkuf,HU_M_puhkuf,13.682133190028399
HI_F_puhkuf,HI_M_puhkuf,12.54434842795371
HI_F_puhkuf,HU_F_puhkuf,15.645753874361818
HI_F_puhkuf,HU_M_puhkuf,14.685011564366157
HI_M_puhkuf,HU_F_puhkuf,15.811956800582188
HI_M_puhkuf,HU_M_puhkuf,15.52683727997029
HU_F_puhkuf,HU_M_puhkuf,10.586023707408605
EN_F_pukfik,EN_M_pukfik,10.31121158121263
EN_F_pukfik,HI_F_pukfik,12.34797656114036
EN_F_pukfik,HI_M_pukfik,11.999778139624967
EN_F_pukfik,HU_F_pukfik,12.239673721805795
EN_F_pukfik,HU_M_pukfik,13.510475775822037
EN_M_pukfik,HI_F_pukfik,12.911895106450402
EN_M_pukfik,HI_M_pukfik,12.659345530261506
EN_M_pukfik,HU_F_pukfik,13.309397630154452
EN_M_pukfik,HU_M_pukfik,10.760967689645259
HI_F_pukfik,HI_M_pukfik,9.627959607054182
HI_F_pukfik,HU_F_pukfik,12.466913784004213
HI_F_pukfik,HU_M_pukfik,13.909094080316489
HI_M_pukfik,HU_F_pukfik,12.020285041098177
HI_M_pukfik,HU_M_pukfik,12.735983820366227
HU_F_pukfik,HU_M_pukfik,12.323772089888925
EN_F_pukpip,EN_M_pukpip,12.737047702163137
EN_F_pukpip,HI_F_pukpip,12.49321183183893
EN_F_pukpip,HI_M_pukpip,12.471442702030673
EN_F_pukpip,HU_F_pukpip,16.40469691043171
EN_F_pukpip,HU_M_pukpip,15.686945012366625
EN_M_pukpip,HI_F_pukpip,14.84497500530492
EN_M_pukpip,HI_M_pukpip,13.698585697483235
EN_M_pukpip,HU_F_pukpip,16.373702969788056
EN_M_pukpip,HU_M_pukpip,13.122521637407859
HI_F_pukpip,HI_M_pukpip,10.270980439249684
HI_F_pukpip,HU_F_pukpip,16.077262173525387
HI_F_pukpip,HU_M_pukpip,15.1729404798917
HI_M_pukpip,HU_F_pukpip,15.204565113512405
HI_M_pukpip,HU_M_pukpip,13.56072044030375
HU_F_pukpip,HU_M_pukpip,14.24562318071649
EN_F_pupfip,EN_M_pupfip,13.351703236033629
EN_F_pupfip,HI_F_pupfip,14.754663632670027
EN_F_pupfip,HI_M_pupfip,14.938614485975553
EN_F_pupfip,HU_F_pupfip,12.90359258700376
EN_F_pupfip,HU_M_pupfip,15.585472671063588
EN_M_pupfip,HI_F_pupfip,12.55603881589004
EN_M_pupfip,HI_M_pupfip,14.617575050763781
EN_M_pupfip,HU_F_pupfip,13.605089981456597
EN_M_pupfip,HU_M_pupfip,14.287166623283483
HI_F_pupfip,HI_M_pupfip,12.11254725472107
HI_F_pupfip,HU_F_pupfip,12.872531277894184
HI_F_pupfip,HU_M_pupfip,13.228278202226507
HI_M_pupfip,HU_F_pupfip,13.67443678625246
HI_M_pupfip,HU_M_pupfip,15.308970230358025
HU_F_pupfip,HU_M_pupfip,13.930371859271913
EN_F_pupkuk,EN_M_pupkuk,15.75122160303655
EN_F_pupkuk,HI_F_pupkuk,17.13629587814366
EN_F_pupkuk,HI_M_pupkuk,17.469941992724838
EN_F_pupkuk,HU_F_pupkuk,16.2385217070355
EN_F_pupkuk,HU_M_pupkuk,17.817156862314476
EN_M_pupkuk,HI_F_pupkuk,16.440610725553416
EN_M_pupkuk,HI_M_pupkuk,15.828434134329855
EN_M_pupkuk,HU_F_pupkuk,15.340757275841527
EN_M_pupkuk,HU_M_pupkuk,14.996017644561189
HI_F_pupkuk,HI_M_pupkuk,14.556056204445385
HI_F_pupkuk,HU_F_pupkuk,16.278088892691553
HI_F_pupkuk,HU_M_pupkuk,15.868360366135635
HI_M_pupkuk,HU_F_pupkuk,17.087803994433582
HI_M_pupkuk,HU_M_pupkuk,16.060344779865073
HU_F_pupkuk,HU_M_pupkuk,13.539666978832742
